Date,BAID
02/01/2002,845
03/01/2002,826
04/01/2002,811
07/01/2002,800
08/01/2002,790
09/01/2002,778
10/01/2002,777
11/01/2002,773
14/01/2002,777
15/01/2002,776
16/01/2002,783
17/01/2002,790
18/01/2002,793
21/01/2002,800
22/01/2002,811
23/01/2002,811
24/01/2002,815
25/01/2002,815
28/01/2002,812
29/01/2002,808
30/01/2002,812
31/01/2002,810
01/02/2002,807
04/02/2002,724
05/02/2002,717
06/02/2002,714
07/02/2002,712
08/02/2002,706
12/02/2002,704
13/02/2002,703
14/02/2002,703
15/02/2002,704
18/02/2002,705
19/02/2002,712
20/02/2002,710
21/02/2002,709
22/02/2002,707
25/02/2002,706
26/02/2002,709
27/02/2002,713
28/02/2002,717
01/03/2002,720
04/03/2002,719
05/03/2002,717
06/03/2002,720
07/03/2002,719
11/03/2002,699
12/03/2002,687
13/03/2002,681
14/03/2002,681
15/03/2002,684
18/03/2002,682
19/03/2002,678
20/03/2002,681
21/03/2002,677
22/03/2002,681
25/03/2002,680
26/03/2002,685
27/03/2002,692
28/03/2002,689
02/04/2002,689
03/04/2002,691
04/04/2002,707
05/04/2002,718
08/04/2002,718
09/04/2002,720
10/04/2002,721
11/04/2002,733
12/04/2002,736
15/04/2002,753
16/04/2002,775
17/04/2002,778
18/04/2002,778
19/04/2002,774
22/04/2002,768
23/04/2002,758
24/04/2002,745
25/04/2002,744
26/04/2002,753
29/04/2002,749
30/04/2002,759
01/05/2002,760
02/05/2002,760
03/05/2002,760
07/05/2002,756
08/05/2002,746
09/05/2002,741
10/05/2002,735
13/05/2002,742
14/05/2002,763
15/05/2002,782
16/05/2002,813
17/05/2002,821
20/05/2002,824
22/05/2002,830
23/05/2002,814
24/05/2002,811
27/05/2002,808
28/05/2002,800
29/05/2002,807
30/05/2002,817
31/05/2002,828
05/06/2002,813
06/06/2002,805
10/06/2002,785
11/06/2002,782
12/06/2002,782
13/06/2002,774
14/06/2002,759
17/06/2002,754
18/06/2002,747
19/06/2002,723
20/06/2002,710
21/06/2002,698
25/06/2002,712
26/06/2002,725
27/06/2002,723
28/06/2002,729
02/07/2002,719
03/07/2002,705
04/07/2002,698
05/07/2002,701
08/07/2002,701
09/07/2002,699
10/07/2002,714
11/07/2002,717
12/07/2002,718
15/07/2002,723
16/07/2002,757
17/07/2002,767
18/07/2002,785
19/07/2002,797
22/07/2002,792
23/07/2002,798
24/07/2002,793
25/07/2002,780
26/07/2002,771
29/07/2002,750
30/07/2002,744
31/07/2002,728
01/08/2002,715
02/08/2002,731
05/08/2002,736
06/08/2002,727
07/08/2002,715
08/08/2002,703
09/08/2002,689
12/08/2002,682
13/08/2002,662
14/08/2002,637
15/08/2002,630
16/08/2002,621
19/08/2002,620
20/08/2002,619
21/08/2002,622
22/08/2002,629
23/08/2002,632
27/08/2002,633
28/08/2002,641
29/08/2002,647
30/08/2002,648
03/09/2002,641
04/09/2002,639
05/09/2002,635
06/09/2002,638
09/09/2002,666
10/09/2002,673
11/09/2002,675
12/09/2002,670
13/09/2002,676
16/09/2002,677
17/09/2002,669
18/09/2002,667
19/09/2002,675
20/09/2002,686
23/09/2002,693
24/09/2002,694
25/09/2002,701
26/09/2002,696
27/09/2002,707
30/09/2002,710
01/10/2002,715
02/10/2002,728
03/10/2002,748
04/10/2002,758
07/10/2002,766
08/10/2002,790
09/10/2002,807
10/10/2002,819
11/10/2002,837
14/10/2002,876
15/10/2002,908
16/10/2002,962
17/10/2002,995
18/10/2002,1014
21/10/2002,1022
22/10/2002,1024
23/10/2002,1035
24/10/2002,1045
25/10/2002,1056
28/10/2002,1067
29/10/2002,1060
30/10/2002,1112
31/10/2002,1129
01/11/2002,1115
04/11/2002,1119
05/11/2002,1110
06/11/2002,1077
07/11/2002,1085
08/11/2002,1088
11/11/2002,1086
12/11/2002,1106
13/11/2002,1119
14/11/2002,1174
15/11/2002,1224
18/11/2002,1227
19/11/2002,1258
20/11/2002,1296
21/11/2002,1292
22/11/2002,1278
26/11/2002,1279
27/11/2002,1265
28/11/2002,1264
29/11/2002,1270
02/12/2002,1264
03/12/2002,1249
04/12/2002,1281
05/12/2002,1316
06/12/2002,1329
09/12/2002,1337
10/12/2002,1340
11/12/2002,1343
12/12/2002,1351
13/12/2002,1379
16/12/2002,1417
17/12/2002,1441
18/12/2002,1449
19/12/2002,1429
20/12/2002,1385
23/12/2002,1323
24/12/2002,1311
02/01/2003,1299
03/01/2003,1327
06/01/2003,1342
07/01/2003,1374
08/01/2003,1413
09/01/2003,1480
10/01/2003,1522
13/01/2003,1529
14/01/2003,1549
15/01/2003,1562
16/01/2003,1559
17/01/2003,1555
20/01/2003,1550
21/01/2003,1539
22/01/2003,1546
23/01/2003,1627
27/01/2003,1620
29/01/2003,1652
30/01/2003,1649
31/01/2003,1648
03/02/2003,1616
04/02/2003,1625
05/02/2003,1615
06/02/2003,1578
07/02/2003,1520
10/02/2003,1538
11/02/2003,1557
12/02/2003,1634
13/02/2003,1763
14/02/2003,1840
17/02/2003,1869
18/02/2003,1869
19/02/2003,1868
20/02/2003,1844
21/02/2003,1824
24/02/2003,1827
25/02/2003,1833
26/02/2003,1861
27/02/2003,1860
28/02/2003,1931
03/03/2003,1963
04/03/2003,1965
05/03/2003,1988
06/03/2003,2022
07/03/2003,2104
10/03/2003,2121
11/03/2003,2181
12/03/2003,2236
13/03/2003,2248
14/03/2003,2229
17/03/2003,2199
18/03/2003,2164
19/03/2003,2136
20/03/2003,2011
21/03/2003,1929
24/03/2003,1850
25/03/2003,1799
26/03/2003,1680
27/03/2003,1623
28/03/2003,1596
31/03/2003,1557
01/04/2003,1504
02/04/2003,1400
03/04/2003,1351
04/04/2003,1324
07/04/2003,1283
08/04/2003,1256
09/04/2003,1242
10/04/2003,1273
11/04/2003,1317
14/04/2003,1358
15/04/2003,1388
16/04/2003,1380
17/04/2003,1377
22/04/2003,1340
23/04/2003,1320
24/04/2003,1317
25/04/2003,1300
28/04/2003,1276
30/04/2003,1150
01/05/2003,1133
02/05/2003,1107
06/05/2003,1043
07/05/2003,1046
08/05/2003,1092
09/05/2003,1161
12/05/2003,1191
13/05/2003,1218
14/05/2003,1229
15/05/2003,1256
16/05/2003,1302
19/05/2003,1309
20/05/2003,1267
21/05/2003,1254
22/05/2003,1227
23/05/2003,1257
27/05/2003,1305
28/05/2003,1364
29/05/2003,1363
30/05/2003,1356
02/06/2003,1337
03/06/2003,1325
04/06/2003,1325
05/06/2003,1313
06/06/2003,1319
09/06/2003,1320
10/06/2003,1327
11/06/2003,1349
12/06/2003,1349
13/06/2003,1340
16/06/2003,1319
17/06/2003,1296
18/06/2003,1274
19/06/2003,1238
20/06/2003,1180
23/06/2003,1124
24/06/2003,1087
25/06/2003,1031
26/06/2003,990
27/06/2003,963
30/06/2003,957
01/07/2003,948
02/07/2003,916
03/07/2003,883
04/07/2003,856
07/07/2003,852
08/07/2003,843
09/07/2003,841
10/07/2003,844
11/07/2003,853
15/07/2003,852
16/07/2003,845
17/07/2003,849
18/07/2003,865
21/07/2003,889
22/07/2003,890
23/07/2003,913
24/07/2003,923
25/07/2003,929
28/07/2003,931
29/07/2003,920
30/07/2003,904
31/07/2003,867
01/08/2003,852
05/08/2003,814
06/08/2003,791
07/08/2003,780
08/08/2003,776
11/08/2003,768
12/08/2003,771
13/08/2003,766
14/08/2003,751
15/08/2003,747
18/08/2003,746
19/08/2003,740
20/08/2003,742
21/08/2003,761
22/08/2003,783
26/08/2003,795
27/08/2003,808
28/08/2003,820
29/08/2003,822
01/09/2003,826
02/09/2003,827
03/09/2003,836
04/09/2003,842
05/09/2003,903
08/09/2003,951
09/09/2003,991
10/09/2003,1003
11/09/2003,1001
12/09/2003,999
15/09/2003,1004
16/09/2003,1019
17/09/2003,1059
18/09/2003,1107
19/09/2003,1138
22/09/2003,1156
23/09/2003,1136
24/09/2003,1129
25/09/2003,1116
26/09/2003,1097
29/09/2003,1077
30/09/2003,1055
01/10/2003,1006
02/10/2003,963
03/10/2003,958
06/10/2003,990
07/10/2003,1007
08/10/2003,1049
09/10/2003,1063
10/10/2003,1068
13/10/2003,1082
14/10/2003,1078
15/10/2003,1079
16/10/2003,1084
17/10/2003,1087
20/10/2003,1089
21/10/2003,1094
22/10/2003,1095
23/10/2003,1098
24/10/2003,1154
27/10/2003,1172
29/10/2003,1173
30/10/2003,1202
31/10/2003,1274
03/11/2003,1316
04/11/2003,1346
05/11/2003,1402
06/11/2003,1469
07/11/2003,1482
10/11/2003,1466
11/11/2003,1461
12/11/2003,1461
13/11/2003,1440
14/11/2003,1452
17/11/2003,1455
18/11/2003,1438
19/11/2003,1439
20/11/2003,1470
21/11/2003,1472
24/11/2003,1486
25/11/2003,1519
26/11/2003,1544
27/11/2003,1553
28/11/2003,1566
01/12/2003,1576
02/12/2003,1584
03/12/2003,1602
04/12/2003,1644
05/12/2003,1699
08/12/2003,1728
09/12/2003,1753
10/12/2003,1786
11/12/2003,1820
12/12/2003,1870
15/12/2003,1946
16/12/2003,1986
17/12/2003,2025
18/12/2003,2088
19/12/2003,2140
22/12/2003,2225
23/12/2003,2267
24/12/2003,2242
02/01/2004,2121
05/01/2004,2083
06/01/2004,2008
07/01/2004,2004
08/01/2004,1994
09/01/2004,2020
12/01/2004,2078
13/01/2004,2120
14/01/2004,2170
15/01/2004,2188
16/01/2004,2229
19/01/2004,2254
20/01/2004,2259
21/01/2004,2279
22/01/2004,2159
23/01/2004,2114
26/01/2004,2081
27/01/2004,2058
28/01/2004,2088
29/01/2004,2048
30/01/2004,2013
02/02/2004,1982
03/02/2004,1904
04/02/2004,1908
05/02/2004,1854
06/02/2004,1839
09/02/2004,1830
10/02/2004,1837
11/02/2004,1801
12/02/2004,1784
13/02/2004,1752
16/02/2004,1705
17/02/2004,1675
18/02/2004,1567
19/02/2004,1528
20/02/2004,1487
23/02/2004,1433
24/02/2004,1373
25/02/2004,1380
26/02/2004,1370
27/02/2004,1394
01/03/2004,1380
02/03/2004,1362
03/03/2004,1308
04/03/2004,1311
05/03/2004,1349
08/03/2004,1371
09/03/2004,1462
10/03/2004,1531
11/03/2004,1555
12/03/2004,1537
15/03/2004,1508
16/03/2004,1496
17/03/2004,1462
18/03/2004,1446
19/03/2004,1430
22/03/2004,1411
23/03/2004,1380
24/03/2004,1387
25/03/2004,1419
26/03/2004,1428
29/03/2004,1421
30/03/2004,1402
31/03/2004,1370
01/04/2004,1345
02/04/2004,1344
05/04/2004,1343
06/04/2004,1244
07/04/2004,1203
08/04/2004,1158
13/04/2004,1128
14/04/2004,1110
15/04/2004,1097
16/04/2004,1104
19/04/2004,1099
20/04/2004,1102
21/04/2004,1090
22/04/2004,1091
23/04/2004,1114
26/04/2004,1115
27/04/2004,1092
28/04/2004,1083
29/04/2004,1102
30/04/2004,1129
04/05/2004,1117
05/05/2004,1120
06/05/2004,1121
07/05/2004,1114
10/05/2004,1165
11/05/2004,1175
12/05/2004,1187
13/05/2004,1197
14/05/2004,1192
17/05/2004,1207
18/05/2004,1247
19/05/2004,1271
20/05/2004,1287
21/05/2004,1316
24/05/2004,1358
25/05/2004,1408
26/05/2004,1455
27/05/2004,1447
28/05/2004,1450
01/06/2004,1471
02/06/2004,1476
03/06/2004,1437
04/06/2004,1436
07/06/2004,1439
08/06/2004,1434
09/06/2004,1461
10/06/2004,1458
11/06/2004,1479
14/06/2004,1475
15/06/2004,1463
16/06/2004,1472
17/06/2004,1475
18/06/2004,1465
21/06/2004,1445
22/06/2004,1439
23/06/2004,1452
24/06/2004,1446
25/06/2004,1436
28/06/2004,1438
29/06/2004,1444
30/06/2004,1450
01/07/2004,1442
02/07/2004,1430
05/07/2004,1422
06/07/2004,1429
07/07/2004,1446
08/07/2004,1457
09/07/2004,1467
12/07/2004,1467
13/07/2004,1469
14/07/2004,1462
15/07/2004,1471
16/07/2004,1481
19/07/2004,1497
20/07/2004,1512
21/07/2004,1518
22/07/2004,1535
23/07/2004,1562
26/07/2004,1561
27/07/2004,1548
28/07/2004,1537
29/07/2004,1518
30/07/2004,1507
02/08/2004,1484
03/08/2004,1422
04/08/2004,1398
05/08/2004,1406
06/08/2004,1403
09/08/2004,1387
10/08/2004,1359
11/08/2004,1342
12/08/2004,1343
13/08/2004,1341
16/08/2004,1332
17/08/2004,1338
18/08/2004,1354
19/08/2004,1351
20/08/2004,1354
23/08/2004,1363
24/08/2004,1356
25/08/2004,1342
26/08/2004,1320
27/08/2004,1307
31/08/2004,1266
01/09/2004,1243
02/09/2004,1226
03/09/2004,1214
06/09/2004,1203
07/09/2004,1193
08/09/2004,1194
09/09/2004,1191
10/09/2004,1191
13/09/2004,1184
14/09/2004,1191
15/09/2004,1232
16/09/2004,1267
17/09/2004,1284
20/09/2004,1323
21/09/2004,1383
22/09/2004,1454
23/09/2004,1577
24/09/2004,1696
27/09/2004,1784
28/09/2004,1833
29/09/2004,1962
30/09/2004,2012
01/10/2004,2081
04/10/2004,2115
05/10/2004,2188
06/10/2004,2301
07/10/2004,2448
08/10/2004,2562
11/10/2004,2629
12/10/2004,2627
13/10/2004,2647
14/10/2004,2644
15/10/2004,2698
18/10/2004,2700
19/10/2004,2745
20/10/2004,2824
21/10/2004,2913
22/10/2004,2965
25/10/2004,3016
26/10/2004,3049
27/10/2004,3051
28/10/2004,3028
29/10/2004,3008
01/11/2004,2974
02/11/2004,2952
03/11/2004,2939
04/11/2004,2924
05/11/2004,2953
08/11/2004,2961
09/11/2004,2997
10/11/2004,3141
11/11/2004,3141
12/11/2004,3126
15/11/2004,3134
16/11/2004,3166
17/11/2004,3194
18/11/2004,3183
19/11/2004,3173
22/11/2004,3148
23/11/2004,3127
24/11/2004,3100
25/11/2004,3060
26/11/2004,3005
29/11/2004,2905
30/11/2004,2797
01/12/2004,2689
02/12/2004,2611
03/12/2004,2577
06/12/2004,2526
07/12/2004,2499
08/12/2004,2458
09/12/2004,2412
10/12/2004,2386
13/12/2004,2361
14/12/2004,2257
15/12/2004,2211
16/12/2004,2278
17/12/2004,2290
20/12/2004,2300
21/12/2004,2223
22/12/2004,2184
23/12/2004,2145
24/12/2004,2137
04/01/2005,1812
05/01/2005,1742
06/01/2005,1704
07/01/2005,1671
10/01/2005,1647
11/01/2005,1627
12/01/2005,1583
13/01/2005,1535
14/01/2005,1494
17/01/2005,1492
18/01/2005,1451
19/01/2005,1421
20/01/2005,1454
21/01/2005,1476
24/01/2005,1465
25/01/2005,1419
26/01/2005,1386
27/01/2005,1348
28/01/2005,1341
31/01/2005,1357
01/02/2005,1401
02/02/2005,1465
03/02/2005,1471
04/02/2005,1496
07/02/2005,1477
08/02/2005,1466
09/02/2005,1467
10/02/2005,1452
11/02/2005,1460
14/02/2005,1459
15/02/2005,1447
16/02/2005,1440
17/02/2005,1454
18/02/2005,1462
21/02/2005,1495
22/02/2005,1521
23/02/2005,1586
24/02/2005,1603
25/02/2005,1620
28/02/2005,1611
01/03/2005,1587
02/03/2005,1569
03/03/2005,1525
04/03/2005,1485
07/03/2005,1443
08/03/2005,1435
09/03/2005,1449
10/03/2005,1458
11/03/2005,1533
14/03/2005,1580
15/03/2005,1610
16/03/2005,1643
17/03/2005,1649
18/03/2005,1642
21/03/2005,1647
22/03/2005,1629
23/03/2005,1593
24/03/2005,1571
29/03/2005,1537
30/03/2005,1450
31/03/2005,1373
01/04/2005,1308
04/04/2005,1267
05/04/2005,1200
06/04/2005,1169
07/04/2005,1158
08/04/2005,1186
11/04/2005,1194
12/04/2005,1215
13/04/2005,1224
14/04/2005,1214
15/04/2005,1209
18/04/2005,1199
19/04/2005,1202
20/04/2005,1212
21/04/2005,1222
22/04/2005,1210
25/04/2005,1190
26/04/2005,1198
27/04/2005,1237
28/04/2005,1264
29/04/2005,1274
03/05/2005,1331
04/05/2005,1342
05/05/2005,1375
06/05/2005,1424
09/05/2005,1450
10/05/2005,1444
11/05/2005,1443
12/05/2005,1446
13/05/2005,1447
16/05/2005,1432
17/05/2005,1417
18/05/2005,1385
19/05/2005,1345
20/05/2005,1319
23/05/2005,1275
24/05/2005,1253
25/05/2005,1259
26/05/2005,1268
27/05/2005,1260
31/05/2005,1251
01/06/2005,1235
02/06/2005,1228
03/06/2005,1234
06/06/2005,1244
07/06/2005,1281
08/06/2005,1266
09/06/2005,1266
10/06/2005,1263
13/06/2005,1253
14/06/2005,1253
15/06/2005,1248
16/06/2005,1214
17/06/2005,1207
20/06/2005,1204
21/06/2005,1194
22/06/2005,1187
23/06/2005,1178
24/06/2005,1202
27/06/2005,1196
28/06/2005,1197
29/06/2005,1205
30/06/2005,1193
01/07/2005,1194
04/07/2005,1201
05/07/2005,1199
06/07/2005,1193
07/07/2005,1192
08/07/2005,1189
11/07/2005,1191
12/07/2005,1187
13/07/2005,1174
14/07/2005,1171
15/07/2005,1166
18/07/2005,1162
19/07/2005,1188
20/07/2005,1194
21/07/2005,1171
22/07/2005,1168
25/07/2005,1150
26/07/2005,1140
27/07/2005,1108
28/07/2005,1106
29/07/2005,1097
01/08/2005,1099
02/08/2005,1055
03/08/2005,1018
04/08/2005,1009
05/08/2005,992
08/08/2005,975
09/08/2005,973
10/08/2005,985
11/08/2005,1004
12/08/2005,1020
15/08/2005,1039
16/08/2005,1058
17/08/2005,1071
18/08/2005,1076
19/08/2005,1099
22/08/2005,1102
23/08/2005,1095
24/08/2005,1086
25/08/2005,1062
26/08/2005,1072
30/08/2005,1062
31/08/2005,1076
01/09/2005,1104
02/09/2005,1118
05/09/2005,1125
06/09/2005,1133
07/09/2005,1195
08/09/2005,1210
09/09/2005,1227
12/09/2005,1225
13/09/2005,1214
14/09/2005,1206
15/09/2005,1201
16/09/2005,1212
19/09/2005,1230
20/09/2005,1260
21/09/2005,1309
22/09/2005,1335
23/09/2005,1370
26/09/2005,1419
27/09/2005,1457
28/09/2005,1490
29/09/2005,1502
30/09/2005,1514
03/10/2005,1532
04/10/2005,1598
05/10/2005,1682
06/10/2005,1760
07/10/2005,1830
10/10/2005,1867
11/10/2005,1874
12/10/2005,1882
13/10/2005,1877
14/10/2005,1953
17/10/2005,1963
18/10/2005,1993
19/10/2005,2056
20/10/2005,2107
21/10/2005,2170
24/10/2005,2210
25/10/2005,2237
26/10/2005,2254
27/10/2005,2222
28/10/2005,2219
31/10/2005,2196
01/11/2005,2175
02/11/2005,2174
03/11/2005,2171
04/11/2005,2175
07/11/2005,2180
08/11/2005,2190
09/11/2005,2194
10/11/2005,2207
11/11/2005,2242
14/11/2005,2242
15/11/2005,2236
16/11/2005,2233
17/11/2005,2238
18/11/2005,2242
21/11/2005,2240
22/11/2005,2223
23/11/2005,2217
24/11/2005,2174
25/11/2005,2160
28/11/2005,2157
29/11/2005,2147
30/11/2005,2149
01/12/2005,2147
02/12/2005,2112
05/12/2005,2069
06/12/2005,2047
07/12/2005,2035
08/12/2005,2011
09/12/2005,2005
12/12/2005,1995
13/12/2005,2008
14/12/2005,2025
15/12/2005,2049
16/12/2005,2060
19/12/2005,2075
20/12/2005,2097
21/12/2005,2108
22/12/2005,2095
23/12/2005,2077
03/01/2006,1893
04/01/2006,1849
05/01/2006,1825
06/01/2006,1797
09/01/2006,1775
10/01/2006,1731
11/01/2006,1684
12/01/2006,1607
13/01/2006,1554
16/01/2006,1525
17/01/2006,1518
18/01/2006,1527
19/01/2006,1525
20/01/2006,1538
23/01/2006,1549
24/01/2006,1568
25/01/2006,1629
26/01/2006,1695
27/01/2006,1715
30/01/2006,1729
31/01/2006,1708
01/02/2006,1672
02/02/2006,1607
03/02/2006,1578
06/02/2006,1561
07/02/2006,1493
08/02/2006,1434
09/02/2006,1394
10/02/2006,1357
13/02/2006,1362
14/02/2006,1376
15/02/2006,1399
16/02/2006,1415
17/02/2006,1412
20/02/2006,1386
21/02/2006,1330
22/02/2006,1257
23/02/2006,1204
24/02/2006,1170
27/02/2006,1136
28/02/2006,1109
01/03/2006,1098
02/03/2006,1102
03/03/2006,1107
06/03/2006,1104
07/03/2006,1111
08/03/2006,1118
09/03/2006,1120
10/03/2006,1146
13/03/2006,1165
14/03/2006,1178
15/03/2006,1199
16/03/2006,1225
17/03/2006,1238
20/03/2006,1228
21/03/2006,1223
22/03/2006,1237
23/03/2006,1207
24/03/2006,1181
27/03/2006,1156
28/03/2006,1129
29/03/2006,1078
30/03/2006,1052
31/03/2006,1019
03/04/2006,985
04/04/2006,960
05/04/2006,951
06/04/2006,951
07/04/2006,956
10/04/2006,955
11/04/2006,953
12/04/2006,955
13/04/2006,970
18/04/2006,1008
19/04/2006,1044
20/04/2006,1059
21/04/2006,1086
24/04/2006,1098
25/04/2006,1107
26/04/2006,1110
27/04/2006,1116
28/04/2006,1106
02/05/2006,1090
03/05/2006,1086
04/05/2006,1102
05/05/2006,1113
08/05/2006,1127
09/05/2006,1138
10/05/2006,1170
11/05/2006,1175
12/05/2006,1185
15/05/2006,1188
16/05/2006,1204
17/05/2006,1219
18/05/2006,1218
19/05/2006,1230
22/05/2006,1237
23/05/2006,1246
24/05/2006,1251
25/05/2006,1236
26/05/2006,1202
30/05/2006,1173
31/05/2006,1159
01/06/2006,1154
02/06/2006,1165
05/06/2006,1172
06/06/2006,1170
07/06/2006,1173
08/06/2006,1175
09/06/2006,1180
12/06/2006,1166
13/06/2006,1183
14/06/2006,1199
15/06/2006,1215
16/06/2006,1228
19/06/2006,1239
20/06/2006,1268
21/06/2006,1299
22/06/2006,1332
23/06/2006,1374
26/06/2006,1365
27/06/2006,1373
28/06/2006,1367
29/06/2006,1366
30/06/2006,1375
03/07/2006,1377
04/07/2006,1367
05/07/2006,1363
06/07/2006,1369
07/07/2006,1379
10/07/2006,1380
11/07/2006,1392
12/07/2006,1399
13/07/2006,1397
14/07/2006,1399
17/07/2006,1419
18/07/2006,1450
19/07/2006,1492
20/07/2006,1504
21/07/2006,1505
24/07/2006,1503
25/07/2006,1494
26/07/2006,1476
27/07/2006,1450
28/07/2006,1436
31/07/2006,1400
01/08/2006,1367
02/08/2006,1330
03/08/2006,1317
04/08/2006,1301
07/08/2006,1284
08/08/2006,1283
09/08/2006,1314
10/08/2006,1384
11/08/2006,1434
14/08/2006,1473
15/08/2006,1506
16/08/2006,1520
17/08/2006,1542
18/08/2006,1564
21/08/2006,1578
22/08/2006,1594
23/08/2006,1602
24/08/2006,1591
25/08/2006,1574
29/08/2006,1517
30/08/2006,1467
31/08/2006,1424
01/09/2006,1391
04/09/2006,1373
05/09/2006,1356
06/09/2006,1349
07/09/2006,1340
08/09/2006,1336
11/09/2006,1312
12/09/2006,1296
13/09/2006,1267
14/09/2006,1257
15/09/2006,1227
18/09/2006,1220
19/09/2006,1214
20/09/2006,1208
21/09/2006,1206
22/09/2006,1216
25/09/2006,1222
26/09/2006,1249
27/09/2006,1256
28/09/2006,1263
29/09/2006,1275
02/10/2006,1281
03/10/2006,1286
04/10/2006,1283
05/10/2006,1271
06/10/2006,1260
09/10/2006,1257
10/10/2006,1254
11/10/2006,1260
12/10/2006,1269
13/10/2006,1287
16/10/2006,1285
17/10/2006,1289
18/10/2006,1310
19/10/2006,1338
20/10/2006,1370
23/10/2006,1387
24/10/2006,1376
25/10/2006,1334
26/10/2006,1300
27/10/2006,1274
30/10/2006,1249
31/10/2006,1237
01/11/2006,1223
02/11/2006,1211
03/11/2006,1195
06/11/2006,1179
07/11/2006,1149
08/11/2006,1121
09/11/2006,1106
10/11/2006,1100
13/11/2006,1090
14/11/2006,1077
15/11/2006,1058
16/11/2006,1063
17/11/2006,1067
20/11/2006,1082
21/11/2006,1093
22/11/2006,1086
23/11/2006,1078
24/11/2006,1066
27/11/2006,1057
28/11/2006,1039
29/11/2006,1011
30/11/2006,996
01/12/2006,978
04/12/2006,965
05/12/2006,954
06/12/2006,968
07/12/2006,982
08/12/2006,1014
11/12/2006,1032
12/12/2006,1107
13/12/2006,1207
14/12/2006,1366
15/12/2006,1425
18/12/2006,1442
19/12/2006,1456
20/12/2006,1457
21/12/2006,1463
22/12/2006,1461
02/01/2007,1316
03/01/2007,1310
04/01/2007,1297
05/01/2007,1271
08/01/2007,1251
09/01/2007,1224
10/01/2007,1206
11/01/2007,1202
12/01/2007,1206
15/01/2007,1203
16/01/2007,1201
17/01/2007,1201
18/01/2007,1214
19/01/2007,1222
22/01/2007,1224
23/01/2007,1240
24/01/2007,1255
25/01/2007,1247
26/01/2007,1242
29/01/2007,1234
30/01/2007,1210
31/01/2007,1195
01/02/2007,1190
02/02/2007,1190
05/02/2007,1184
06/02/2007,1176
07/02/2007,1175
08/02/2007,1173
09/02/2007,1162
12/02/2007,1166
13/02/2007,1192
14/02/2007,1202
15/02/2007,1191
16/02/2007,1188
19/02/2007,1181
20/02/2007,1178
21/02/2007,1167
22/02/2007,1149
23/02/2007,1146
26/02/2007,1138
27/02/2007,1119
28/02/2007,1101
01/03/2007,1094
02/03/2007,1081
05/03/2007,1069
06/03/2007,1064
07/03/2007,1063
08/03/2007,1065
09/03/2007,1081
12/03/2007,1065
13/03/2007,1056
14/03/2007,1061
15/03/2007,1106
16/03/2007,1116
19/03/2007,1142
20/03/2007,1185
21/03/2007,1201
22/03/2007,1218
23/03/2007,1232
26/03/2007,1248
27/03/2007,1263
28/03/2007,1295
29/03/2007,1367
30/03/2007,1398
02/04/2007,1357
03/04/2007,1296
04/04/2007,1237
05/04/2007,1190
10/04/2007,1141
11/04/2007,1097
12/04/2007,1092
13/04/2007,1096
16/04/2007,1111
17/04/2007,1113
18/04/2007,1151
19/04/2007,1160
20/04/2007,1159
23/04/2007,1134
24/04/2007,1148
25/04/2007,1199
26/04/2007,1226
27/04/2007,1233
30/04/2007,1236
01/05/2007,1236
02/05/2007,1249
03/05/2007,1285
04/05/2007,1299
08/05/2007,1297
09/05/2007,1296
10/05/2007,1314
11/05/2007,1324
14/05/2007,1286
15/05/2007,1255
16/05/2007,1230
17/05/2007,1195
18/05/2007,1180
21/05/2007,1165
22/05/2007,1145
23/05/2007,1121
24/05/2007,1090
25/05/2007,1073
29/05/2007,1050
30/05/2007,1032
31/05/2007,1016
01/06/2007,1006
04/06/2007,999
05/06/2007,987
06/06/2007,993
07/06/2007,998
08/06/2007,1020
11/06/2007,1026
12/06/2007,1026
13/06/2007,1035
14/06/2007,1055
15/06/2007,1065
18/06/2007,1067
19/06/2007,1062
20/06/2007,1059
21/06/2007,1063
22/06/2007,1064
25/06/2007,1052
26/06/2007,1041
27/06/2007,1031
28/06/2007,1031
29/06/2007,1029
02/07/2007,1026
03/07/2007,1026
04/07/2007,1035
05/07/2007,1038
06/07/2007,1040
09/07/2007,1046
10/07/2007,1057
11/07/2007,1059
12/07/2007,1061
13/07/2007,1063
16/07/2007,1062
17/07/2007,1065
18/07/2007,1068
19/07/2007,1057
20/07/2007,1051
23/07/2007,1048
24/07/2007,1035
25/07/2007,1032
26/07/2007,1031
27/07/2007,1037
30/07/2007,1029
31/07/2007,999
01/08/2007,977
02/08/2007,964
03/08/2007,949
06/08/2007,928
07/08/2007,904
08/08/2007,889
09/08/2007,872
10/08/2007,856
13/08/2007,850
14/08/2007,835
15/08/2007,827
16/08/2007,819
17/08/2007,817
20/08/2007,815
21/08/2007,807
22/08/2007,817
23/08/2007,830
24/08/2007,833
28/08/2007,829
29/08/2007,818
30/08/2007,810
31/08/2007,810
03/09/2007,809
04/09/2007,804
05/09/2007,795
06/09/2007,784
07/09/2007,771
10/09/2007,765
11/09/2007,769
12/09/2007,774
13/09/2007,801
14/09/2007,805
17/09/2007,809
18/09/2007,833
19/09/2007,899
20/09/2007,934
21/09/2007,944
24/09/2007,944
25/09/2007,941
26/09/2007,944
27/09/2007,932
28/09/2007,920
01/10/2007,902
02/10/2007,873
03/10/2007,852
04/10/2007,842
05/10/2007,829
08/10/2007,819
09/10/2007,817
10/10/2007,827
11/10/2007,842
12/10/2007,844
15/10/2007,854
16/10/2007,879
17/10/2007,933
18/10/2007,1000
19/10/2007,1040
22/10/2007,1053
23/10/2007,1063
24/10/2007,1071
25/10/2007,1071
26/10/2007,1071
29/10/2007,1066
30/10/2007,1073
31/10/2007,1079
01/11/2007,1089
02/11/2007,1099
05/11/2007,1088
06/11/2007,1071
07/11/2007,1050
08/11/2007,1007
09/11/2007,987
12/11/2007,987
13/11/2007,982
14/11/2007,977
15/11/2007,980
16/11/2007,987
19/11/2007,1000
20/11/2007,1004
21/11/2007,1023
22/11/2007,1068
23/11/2007,1133
26/11/2007,1182
27/11/2007,1281
28/11/2007,1394
29/11/2007,1494
30/11/2007,1535
03/12/2007,1536
04/12/2007,1533
05/12/2007,1537
06/12/2007,1554
07/12/2007,1635
10/12/2007,1735
11/12/2007,1917
12/12/2007,2017
13/12/2007,2060
14/12/2007,2117
17/12/2007,2225
18/12/2007,2253
19/12/2007,2279
20/12/2007,2231
21/12/2007,2165
24/12/2007,2143
02/01/2008,1914
03/01/2008,1827
04/01/2008,1747
07/01/2008,1681
08/01/2008,1538
09/01/2008,1453
10/01/2008,1415
11/01/2008,1411
14/01/2008,1373
15/01/2008,1379
16/01/2008,1367
17/01/2008,1320
18/01/2008,1310
21/01/2008,1290
22/01/2008,1261
23/01/2008,1223
24/01/2008,1218
25/01/2008,1194
28/01/2008,1197
29/01/2008,1201
30/01/2008,1203
31/01/2008,1188
01/02/2008,1174
04/02/2008,1145
05/02/2008,1103
06/02/2008,1093
07/02/2008,1082
08/02/2008,1070
11/02/2008,1060
12/02/2008,1065
13/02/2008,1053
14/02/2008,1058
15/02/2008,1060
18/02/2008,1066
19/02/2008,1067
20/02/2008,1057
21/02/2008,1056
22/02/2008,1070
25/02/2008,1093
26/02/2008,1104
27/02/2008,1127
28/02/2008,1151
29/02/2008,1167
03/03/2008,1164
04/03/2008,1169
05/03/2008,1170
06/03/2008,1171
07/03/2008,1162
10/03/2008,1146
11/03/2008,1137
12/03/2008,1151
13/03/2008,1178
14/03/2008,1209
17/03/2008,1257
18/03/2008,1413
19/03/2008,1554
20/03/2008,1591
25/03/2008,1594
26/03/2008,1549
27/03/2008,1528
28/03/2008,1524
31/03/2008,1510
01/04/2008,1482
02/04/2008,1439
03/04/2008,1387
04/04/2008,1351
07/04/2008,1296
08/04/2008,1280
09/04/2008,1388
10/04/2008,1447
11/04/2008,1472
14/04/2008,1529
15/04/2008,1553
16/04/2008,1599
17/04/2008,1662
18/04/2008,1686
21/04/2008,1692
22/04/2008,1693
23/04/2008,1677
24/04/2008,1674
25/04/2008,1673
28/04/2008,1621
29/04/2008,1599
30/04/2008,1651
01/05/2008,1678
02/05/2008,1701
06/05/2008,1672
07/05/2008,1713
08/05/2008,1793
09/05/2008,1818
12/05/2008,1826
13/05/2008,1829
14/05/2008,1898
15/05/2008,1971
16/05/2008,1995
19/05/2008,2027
20/05/2008,2065
21/05/2008,2098
22/05/2008,2204
23/05/2008,2245
27/05/2008,2152
28/05/2008,2073
29/05/2008,2029
30/05/2008,1993
02/06/2008,1921
03/06/2008,1848
04/06/2008,1807
05/06/2008,1787
06/06/2008,1780
09/06/2008,1793
10/06/2008,1792
11/06/2008,1849
12/06/2008,1977
13/06/2008,2010
16/06/2008,2026
17/06/2008,2037
18/06/2008,2058
19/06/2008,2084
20/06/2008,2106
23/06/2008,2086
24/06/2008,2043
25/06/2008,1989
26/06/2008,1956
27/06/2008,1946
30/06/2008,1902
01/07/2008,1866
02/07/2008,1883
03/07/2008,1915
04/07/2008,1927
07/07/2008,1933
08/07/2008,1927
09/07/2008,1924
10/07/2008,1924
11/07/2008,1933
14/07/2008,1956
15/07/2008,2023
16/07/2008,2081
17/07/2008,2142
18/07/2008,2189
21/07/2008,2222
22/07/2008,2289
23/07/2008,2347
24/07/2008,2340
25/07/2008,2317
28/07/2008,2290
29/07/2008,2194
30/07/2008,2065
31/07/2008,1965
01/08/2008,1854
04/08/2008,1801
05/08/2008,1751
06/08/2008,1717
07/08/2008,1672
08/08/2008,1626
11/08/2008,1560
12/08/2008,1521
13/08/2008,1429
14/08/2008,1374
15/08/2008,1354
18/08/2008,1340
19/08/2008,1343
20/08/2008,1377
21/08/2008,1389
22/08/2008,1405
26/08/2008,1403
27/08/2008,1393
28/08/2008,1441
29/08/2008,1458
01/09/2008,1451
02/09/2008,1429
03/09/2008,1415
04/09/2008,1427
05/09/2008,1403
08/09/2008,1397
09/09/2008,1432
10/09/2008,1423
11/09/2008,1416
12/09/2008,1462
15/09/2008,1487
16/09/2008,1504
17/09/2008,1534
18/09/2008,1558
19/09/2008,1586
22/09/2008,1575
23/09/2008,1592
24/09/2008,1576
25/09/2008,1592
26/09/2008,1585
29/09/2008,1573
30/09/2008,1538
01/10/2008,1508
02/10/2008,1475
03/10/2008,1464
06/10/2008,1442
07/10/2008,1411
08/10/2008,1397
09/10/2008,1391
10/10/2008,1359
13/10/2008,1334
14/10/2008,1321
15/10/2008,1322
16/10/2008,1323
17/10/2008,1342
20/10/2008,1363
21/10/2008,1389
22/10/2008,1402
23/10/2008,1399
24/10/2008,1390
27/10/2008,1365
28/10/2008,1336
29/10/2008,1328
30/10/2008,1312
31/10/2008,1298
03/11/2008,1246
04/11/2008,1218
05/11/2008,1183
06/11/2008,1168
07/11/2008,1142
10/11/2008,1123
11/11/2008,1099
12/11/2008,1059
13/11/2008,1044
14/11/2008,1020
17/11/2008,1008
18/11/2008,999
19/11/2008,995
20/11/2008,993
21/11/2008,989
24/11/2008,978
25/11/2008,968
26/11/2008,971
27/11/2008,1016
28/11/2008,1073
01/12/2008,1124
02/12/2008,1175
03/12/2008,1272
04/12/2008,1330
05/12/2008,1354
08/12/2008,1350
09/12/2008,1330
10/12/2008,1316
11/12/2008,1304
12/12/2008,1300
15/12/2008,1312
16/12/2008,1308
17/12/2008,1295
18/12/2008,1265
19/12/2008,1252
22/12/2008,1252
23/12/2008,1252
24/12/2008,1243
02/01/2009,849
05/01/2009,831
06/01/2009,781
07/01/2009,740
08/01/2009,728
09/01/2009,709
12/01/2009,704
13/01/2009,692
14/01/2009,700
15/01/2009,709
16/01/2009,726
19/01/2009,737
20/01/2009,745
21/01/2009,732
22/01/2009,726
23/01/2009,711
26/01/2009,704
27/01/2009,675
28/01/2009,642
29/01/2009,623
30/01/2009,611
02/02/2009,597
03/02/2009,596
04/02/2009,601
05/02/2009,585
06/02/2009,581
09/02/2009,576
10/02/2009,573
11/02/2009,574
12/02/2009,586
13/02/2009,589
16/02/2009,589
17/02/2009,587
18/02/2009,602
19/02/2009,599
20/02/2009,596
23/02/2009,588
24/02/2009,584
25/02/2009,595
26/02/2009,598
27/02/2009,601
02/03/2009,626
03/03/2009,642
04/03/2009,675
05/03/2009,699
06/03/2009,691
09/03/2009,679
10/03/2009,674
11/03/2009,667
12/03/2009,662
13/03/2009,659
16/03/2009,656
17/03/2009,653
18/03/2009,642
19/03/2009,635
20/03/2009,625
23/03/2009,616
24/03/2009,604
25/03/2009,602
26/03/2009,595
27/03/2009,579
30/03/2009,558
31/03/2009,540
01/04/2009,524
02/04/2009,511
03/04/2009,506
06/04/2009,492
07/04/2009,471
08/04/2009,465
09/04/2009,462
14/04/2009,455
15/04/2009,453
16/04/2009,453
17/04/2009,457
20/04/2009,469
21/04/2009,483
22/04/2009,490
23/04/2009,496
24/04/2009,495
27/04/2009,487
28/04/2009,478
29/04/2009,480
30/04/2009,477
01/05/2009,476
05/05/2009,463
06/05/2009,466
07/05/2009,475
08/05/2009,480
11/05/2009,485
12/05/2009,482
13/05/2009,479
14/05/2009,473
15/05/2009,473
18/05/2009,474
19/05/2009,479
20/05/2009,484
21/05/2009,485
22/05/2009,480
26/05/2009,479
27/05/2009,480
28/05/2009,484
29/05/2009,482
01/06/2009,482
02/06/2009,490
03/06/2009,496
04/06/2009,503
05/06/2009,507
08/06/2009,512
09/06/2009,520
10/06/2009,539
11/06/2009,563
12/06/2009,601
15/06/2009,634
16/06/2009,656
17/06/2009,669
18/06/2009,701
19/06/2009,719
22/06/2009,725
23/06/2009,731
24/06/2009,721
25/06/2009,705
26/06/2009,689
29/06/2009,673
30/06/2009,648
01/07/2009,623
02/07/2009,604
03/07/2009,593
06/07/2009,589
07/07/2009,571
08/07/2009,555
09/07/2009,538
10/07/2009,533
13/07/2009,526
14/07/2009,507
15/07/2009,501
16/07/2009,493
17/07/2009,482
20/07/2009,479
21/07/2009,476
22/07/2009,478
23/07/2009,479
24/07/2009,477
27/07/2009,476
28/07/2009,474
29/07/2009,476
30/07/2009,475
31/07/2009,474
03/08/2009,474
04/08/2009,474
05/08/2009,472
06/08/2009,475
07/08/2009,474
10/08/2009,471
11/08/2009,468
12/08/2009,469
13/08/2009,472
14/08/2009,477
17/08/2009,480
18/08/2009,483
19/08/2009,490
20/08/2009,499
21/08/2009,502
24/08/2009,503
25/08/2009,511
26/08/2009,507
27/08/2009,504
28/08/2009,500
01/09/2009,487
02/09/2009,474
03/09/2009,471
04/09/2009,469
07/09/2009,469
08/09/2009,468
09/09/2009,471
10/09/2009,478
11/09/2009,487
14/09/2009,496
15/09/2009,497
16/09/2009,503
17/09/2009,510
18/09/2009,523
21/09/2009,529
22/09/2009,544
23/09/2009,555
24/09/2009,560
25/09/2009,565
28/09/2009,565
29/09/2009,574
30/09/2009,570
01/10/2009,557
02/10/2009,553
05/10/2009,547
06/10/2009,540
07/10/2009,537
08/10/2009,540
09/10/2009,546
12/10/2009,551
13/10/2009,560
14/10/2009,558
15/10/2009,567
16/10/2009,568
19/10/2009,564
20/10/2009,566
21/10/2009,580
22/10/2009,581
23/10/2009,580
26/10/2009,579
27/10/2009,581
28/10/2009,592
29/10/2009,595
30/10/2009,593
02/11/2009,588
03/11/2009,580
04/11/2009,583
05/11/2009,588
06/11/2009,584
09/11/2009,582
10/11/2009,593
11/11/2009,614
12/11/2009,645
13/11/2009,655
16/11/2009,656
17/11/2009,645
18/11/2009,643
19/11/2009,659
20/11/2009,673
23/11/2009,682
24/11/2009,701
25/11/2009,699
26/11/2009,695
27/11/2009,683
30/11/2009,679
01/12/2009,671
02/12/2009,687
03/12/2009,704
04/12/2009,720
07/12/2009,722
08/12/2009,720
09/12/2009,724
10/12/2009,730
11/12/2009,741
14/12/2009,752
15/12/2009,765
16/12/2009,782
17/12/2009,798
18/12/2009,803
21/12/2009,804
22/12/2009,810
23/12/2009,815
24/12/2009,814
04/01/2010,1024
05/01/2010,1025
06/01/2010,1034
07/01/2010,1046
08/01/2010,1073
11/01/2010,1100
12/01/2010,1122
13/01/2010,1164
14/01/2010,1197
15/01/2010,1216
18/01/2010,1208
19/01/2010,1208
20/01/2010,1196
21/01/2010,1198
22/01/2010,1165
25/01/2010,1143
26/01/2010,1111
27/01/2010,1106
28/01/2010,1101
29/01/2010,1077
01/02/2010,1047
02/02/2010,1037
03/02/2010,1018
04/02/2010,1000
05/02/2010,980
08/02/2010,967
09/02/2010,953
10/02/2010,938
11/02/2010,932
12/02/2010,926
15/02/2010,922
16/02/2010,917
17/02/2010,910
18/02/2010,902
19/02/2010,904
22/02/2010,902
23/02/2010,900
24/02/2010,915
25/02/2010,905
26/02/2010,897
01/03/2010,889
02/03/2010,883
03/03/2010,880
04/03/2010,880
05/03/2010,878
08/03/2010,876
09/03/2010,881
10/03/2010,902
11/03/2010,913
12/03/2010,924
15/03/2010,933
16/03/2010,950
17/03/2010,992
18/03/2010,1044
19/03/2010,1072
22/03/2010,1096
23/03/2010,1104
24/03/2010,1105
25/03/2010,1073
26/03/2010,1049
29/03/2010,1012
30/03/2010,974
31/03/2010,964
01/04/2010,949
06/04/2010,930
07/04/2010,921
08/04/2010,935
09/04/2010,937
12/04/2010,938
13/04/2010,938
14/04/2010,930
15/04/2010,937
16/04/2010,952
19/04/2010,959
20/04/2010,965
21/04/2010,971
22/04/2010,972
23/04/2010,976
26/04/2010,987
27/04/2010,996
28/04/2010,994
29/04/2010,992
30/04/2010,996
04/05/2010,995
05/05/2010,984
06/05/2010,988
07/05/2010,992
10/05/2010,1002
11/05/2010,1041
12/05/2010,1070
13/05/2010,1083
14/05/2010,1094
17/05/2010,1097
18/05/2010,1104
19/05/2010,1112
20/05/2010,1122
21/05/2010,1114
24/05/2010,1088
25/05/2010,1054
26/05/2010,1025
27/05/2010,975
28/05/2010,962
01/06/2010,938
02/06/2010,921
03/06/2010,911
04/06/2010,903
07/06/2010,898
08/06/2010,890
09/06/2010,893
10/06/2010,905
11/06/2010,912
14/06/2010,915
15/06/2010,911
16/06/2010,918
17/06/2010,918
18/06/2010,925
21/06/2010,934
22/06/2010,944
23/06/2010,939
24/06/2010,927
25/06/2010,917
28/06/2010,896
29/06/2010,876
30/06/2010,855
01/07/2010,844
02/07/2010,831
05/07/2010,824
06/07/2010,820
07/07/2010,814
08/07/2010,809
09/07/2010,796
12/07/2010,789
13/07/2010,780
14/07/2010,791
15/07/2010,808
16/07/2010,832
19/07/2010,842
20/07/2010,851
21/07/2010,863
22/07/2010,853
23/07/2010,861
26/07/2010,859
27/07/2010,844
28/07/2010,823
29/07/2010,809
30/07/2010,796
02/08/2010,789
03/08/2010,779
04/08/2010,771
05/08/2010,765
06/08/2010,779
09/08/2010,784
10/08/2010,788
11/08/2010,797
12/08/2010,808
13/08/2010,816
16/08/2010,820
17/08/2010,805
18/08/2010,786
19/08/2010,776
20/08/2010,762
23/08/2010,754
24/08/2010,747
25/08/2010,735
26/08/2010,730
27/08/2010,724
31/08/2010,715
01/09/2010,708
02/09/2010,705
03/09/2010,702
06/09/2010,700
07/09/2010,694
08/09/2010,689
09/09/2010,690
10/09/2010,691
13/09/2010,690
14/09/2010,689
15/09/2010,682
16/09/2010,678
17/09/2010,680
20/09/2010,680
21/09/2010,678
22/09/2010,679
23/09/2010,680
24/09/2010,687
27/09/2010,690
28/09/2010,690
29/09/2010,690
30/09/2010,686
01/10/2010,684
04/10/2010,684
05/10/2010,689
06/10/2010,714
07/10/2010,746
08/10/2010,757
11/10/2010,757
12/10/2010,753
13/10/2010,741
14/10/2010,729
15/10/2010,727
18/10/2010,729
19/10/2010,731
20/10/2010,731
21/10/2010,737
22/10/2010,734
25/10/2010,731
26/10/2010,734
27/10/2010,738
28/10/2010,744
29/10/2010,758
01/11/2010,763
02/11/2010,777
03/11/2010,775
04/11/2010,773
05/11/2010,776
08/11/2010,777
09/11/2010,778
10/11/2010,775
11/11/2010,775
12/11/2010,803
15/11/2010,826
16/11/2010,830
17/11/2010,846
18/11/2010,875
19/11/2010,882
22/11/2010,874
23/11/2010,853
24/11/2010,843
25/11/2010,844
26/11/2010,840
29/11/2010,838
30/11/2010,882
01/12/2010,896
02/12/2010,940
03/12/2010,959
06/12/2010,978
07/12/2010,1034
08/12/2010,1036
09/12/2010,1024
10/12/2010,1023
13/12/2010,1026
14/12/2010,1026
15/12/2010,1029
16/12/2010,1039
17/12/2010,1048
20/12/2010,1074
21/12/2010,1079
22/12/2010,1062
23/12/2010,1046
24/12/2010,1043
04/01/2011,842
05/01/2011,820
06/01/2011,792
07/01/2011,776
10/01/2011,763
11/01/2011,743
12/01/2011,734
13/01/2011,728
14/01/2011,719
17/01/2011,706
18/01/2011,687
19/01/2011,679
20/01/2011,666
21/01/2011,664
24/01/2011,665
25/01/2011,662
26/01/2011,659
27/01/2011,657
28/01/2011,658
31/01/2011,662
01/02/2011,660
02/02/2011,657
03/02/2011,660
04/02/2011,668
07/02/2011,676
08/02/2011,691
09/02/2011,702
10/02/2011,702
11/02/2011,706
14/02/2011,714
15/02/2011,736
16/02/2011,752
17/02/2011,776
18/02/2011,780
21/02/2011,775
22/02/2011,768
23/02/2011,789
24/02/2011,818
25/02/2011,872
28/02/2011,919
01/03/2011,965
02/03/2011,1000
03/03/2011,1031
04/03/2011,1049
07/03/2011,1055
08/03/2011,1065
09/03/2011,1058
10/03/2011,1029
11/03/2011,1029
14/03/2011,1030
15/03/2011,1029
16/03/2011,1013
17/03/2011,1014
18/03/2011,1018
21/03/2011,1023
22/03/2011,1019
23/03/2011,991
24/03/2011,974
25/03/2011,954
28/03/2011,943
29/03/2011,937
30/03/2011,936
31/03/2011,932
01/04/2011,927
04/04/2011,914
05/04/2011,898
06/04/2011,891
07/04/2011,884
08/04/2011,876
11/04/2011,860
12/04/2011,849
13/04/2011,840
14/04/2011,836
15/04/2011,837
18/04/2011,836
19/04/2011,844
20/04/2011,839
21/04/2011,839
26/04/2011,830
27/04/2011,823
28/04/2011,829
03/05/2011,822
04/05/2011,811
05/05/2011,802
06/05/2011,796
09/05/2011,792
10/05/2011,788
11/05/2011,778
12/05/2011,777
13/05/2011,779
16/05/2011,782
17/05/2011,784
18/05/2011,778
19/05/2011,785
20/05/2011,783
23/05/2011,781
24/05/2011,782
25/05/2011,781
26/05/2011,778
27/05/2011,772
31/05/2011,761
01/06/2011,750
02/06/2011,748
03/06/2011,746
06/06/2011,745
07/06/2011,740
08/06/2011,736
09/06/2011,733
10/06/2011,732
13/06/2011,732
14/06/2011,731
15/06/2011,734
16/06/2011,735
17/06/2011,740
20/06/2011,745
21/06/2011,753
22/06/2011,758
23/06/2011,764
24/06/2011,754
27/06/2011,749
28/06/2011,746
29/06/2011,746
30/06/2011,747
01/07/2011,746
04/07/2011,750
05/07/2011,753
06/07/2011,753
07/07/2011,752
08/07/2011,751
11/07/2011,744
12/07/2011,742
13/07/2011,745
14/07/2011,744
15/07/2011,744
18/07/2011,742
19/07/2011,743
20/07/2011,743
21/07/2011,738
22/07/2011,733
25/07/2011,730
26/07/2011,726
27/07/2011,725
28/07/2011,722
29/07/2011,721
01/08/2011,720
02/08/2011,716
03/08/2011,717
04/08/2011,716
05/08/2011,714
08/08/2011,711
09/08/2011,709
10/08/2011,705
11/08/2011,701
12/08/2011,698
15/08/2011,695
16/08/2011,693
17/08/2011,691
18/08/2011,692
19/08/2011,689
22/08/2011,687
23/08/2011,687
24/08/2011,694
25/08/2011,694
26/08/2011,693
30/08/2011,682
31/08/2011,679
01/09/2011,677
02/09/2011,677
05/09/2011,677
06/09/2011,675
07/09/2011,673
08/09/2011,672
09/09/2011,672
12/09/2011,678
13/09/2011,681
14/09/2011,681
15/09/2011,680
16/09/2011,681
19/09/2011,683
20/09/2011,692
21/09/2011,698
22/09/2011,700
23/09/2011,694
26/09/2011,693
27/09/2011,693
28/09/2011,693
29/09/2011,695
30/09/2011,697
03/10/2011,704
04/10/2011,714
05/10/2011,756
06/10/2011,767
07/10/2011,777
10/10/2011,785
11/10/2011,807
12/10/2011,823
13/10/2011,827
14/10/2011,826
17/10/2011,828
18/10/2011,835
19/10/2011,843
20/10/2011,856
21/10/2011,849
24/10/2011,840
25/10/2011,817
26/10/2011,805
27/10/2011,796
28/10/2011,781
31/10/2011,773
01/11/2011,763
02/11/2011,759
03/11/2011,770
04/11/2011,766
07/11/2011,762
08/11/2011,765
09/11/2011,769
10/11/2011,773
11/11/2011,776
14/11/2011,782
15/11/2011,785
16/11/2011,787
17/11/2011,786
18/11/2011,787
21/11/2011,786
22/11/2011,786
23/11/2011,787
24/11/2011,783
25/11/2011,782
28/11/2011,780
29/11/2011,787
30/11/2011,788
01/12/2011,784
02/12/2011,776
05/12/2011,775
06/12/2011,773
07/12/2011,776
08/12/2011,817
09/12/2011,839
12/12/2011,864
13/12/2011,882
14/12/2011,859
15/12/2011,856
16/12/2011,864
19/12/2011,869
20/12/2011,889
21/12/2011,902
22/12/2011,939
23/12/2011,930
03/01/2012,783
04/01/2012,782
05/01/2012,781
06/01/2012,790
09/01/2012,784
10/01/2012,782
11/01/2012,778
12/01/2012,781
13/01/2012,791
16/01/2012,805
17/01/2012,822
18/01/2012,841
19/01/2012,846
20/01/2012,849
23/01/2012,847
24/01/2012,839
25/01/2012,835
26/01/2012,829
27/01/2012,825
30/01/2012,822
31/01/2012,813
01/02/2012,803
02/02/2012,801
03/02/2012,790
06/02/2012,785
07/02/2012,782
08/02/2012,784
09/02/2012,795
10/02/2012,795
13/02/2012,789
14/02/2012,791
15/02/2012,804
16/02/2012,811
17/02/2012,817
20/02/2012,817
21/02/2012,814
22/02/2012,811
23/02/2012,803
24/02/2012,798
27/02/2012,796
28/02/2012,791
29/02/2012,784
01/03/2012,781
02/03/2012,790
05/03/2012,796
06/03/2012,797
07/03/2012,806
08/03/2012,812
09/03/2012,818
12/03/2012,820
13/03/2012,826
14/03/2012,857
15/03/2012,879
16/03/2012,874
19/03/2012,852
20/03/2012,848
21/03/2012,837
22/03/2012,821
23/03/2012,809
26/03/2012,804
27/03/2012,808
28/03/2012,821
29/03/2012,822
30/03/2012,818
02/04/2012,819
03/04/2012,822
04/04/2012,822
05/04/2012,820
10/04/2012,813
11/04/2012,806
12/04/2012,791
13/04/2012,782
16/04/2012,773
17/04/2012,762
18/04/2012,754
19/04/2012,745
20/04/2012,740
23/04/2012,741
24/04/2012,744
25/04/2012,752
26/04/2012,766
27/04/2012,779
30/04/2012,779
01/05/2012,775
02/05/2012,772
03/05/2012,769
04/05/2012,763
08/05/2012,767
09/05/2012,771
10/05/2012,766
11/05/2012,760
14/05/2012,755
15/05/2012,767
16/05/2012,774
17/05/2012,772
18/05/2012,765
21/05/2012,760
22/05/2012,754
23/05/2012,742
24/05/2012,738
25/05/2012,733
28/05/2012,729
29/05/2012,723
30/05/2012,716
31/05/2012,707
01/06/2012,699
06/06/2012,690
07/06/2012,686
08/06/2012,688
11/06/2012,685
12/06/2012,689
13/06/2012,696
14/06/2012,686
15/06/2012,682
18/06/2012,676
19/06/2012,668
20/06/2012,663
21/06/2012,662
22/06/2012,661
25/06/2012,660
26/06/2012,664
27/06/2012,670
28/06/2012,674
29/06/2012,682
02/07/2012,677
03/07/2012,669
04/07/2012,665
05/07/2012,659
06/07/2012,654
09/07/2012,649
10/07/2012,640
11/07/2012,632
12/07/2012,628
13/07/2012,629
16/07/2012,626
17/07/2012,624
18/07/2012,621
19/07/2012,622
20/07/2012,624
23/07/2012,627
24/07/2012,630
25/07/2012,633
26/07/2012,640
27/07/2012,643
30/07/2012,645
31/07/2012,642
01/08/2012,638
02/08/2012,634
03/08/2012,626
06/08/2012,623
07/08/2012,619
08/08/2012,615
09/08/2012,613
10/08/2012,612
13/08/2012,608
14/08/2012,604
15/08/2012,604
16/08/2012,606
17/08/2012,608
20/08/2012,610
21/08/2012,614
22/08/2012,617
23/08/2012,617
24/08/2012,618
28/08/2012,620
29/08/2012,622
30/08/2012,626
31/08/2012,627
03/09/2012,628
04/09/2012,626
05/09/2012,628
06/09/2012,631
07/09/2012,634
10/09/2012,637
11/09/2012,635
12/09/2012,634
13/09/2012,633
14/09/2012,634
17/09/2012,635
18/09/2012,637
19/09/2012,642
20/09/2012,643
21/09/2012,642
24/09/2012,640
25/09/2012,638
26/09/2012,640
27/09/2012,646
28/09/2012,649
01/10/2012,652
02/10/2012,656
03/10/2012,660
04/10/2012,664
05/10/2012,664
08/10/2012,662
09/10/2012,662
10/10/2012,663
11/10/2012,665
12/10/2012,667
15/10/2012,668
16/10/2012,668
17/10/2012,670
18/10/2012,672
19/10/2012,676
22/10/2012,680
23/10/2012,681
24/10/2012,683
25/10/2012,681
26/10/2012,678
29/10/2012,675
30/10/2012,672
31/10/2012,674
01/11/2012,672
02/11/2012,667
05/11/2012,659
06/11/2012,655
07/11/2012,662
08/11/2012,667
09/11/2012,680
12/11/2012,687
13/11/2012,700
14/11/2012,713
15/11/2012,715
16/11/2012,715
19/11/2012,723
20/11/2012,723
21/11/2012,725
22/11/2012,723
23/11/2012,723
26/11/2012,721
27/11/2012,719
28/11/2012,708
29/11/2012,705
30/11/2012,705
03/12/2012,703
04/12/2012,701
05/12/2012,702
06/12/2012,706
07/12/2012,707
10/12/2012,711
11/12/2012,724
12/12/2012,730
13/12/2012,741
14/12/2012,746
17/12/2012,754
18/12/2012,774
19/12/2012,779
20/12/2012,778
21/12/2012,774
24/12/2012,764
02/01/2013,696
03/01/2013,689
04/01/2013,679
07/01/2013,671
08/01/2013,663
09/01/2013,654
10/01/2013,646
11/01/2013,641
14/01/2013,637
15/01/2013,633
16/01/2013,631
17/01/2013,630
18/01/2013,630
21/01/2013,633
22/01/2013,632
23/01/2013,636
24/01/2013,647
25/01/2013,646
28/01/2013,637
29/01/2013,632
30/01/2013,636
31/01/2013,636
01/02/2013,635
04/02/2013,634
05/02/2013,632
06/02/2013,636
07/02/2013,638
08/02/2013,640
11/02/2013,643
12/02/2013,647
13/02/2013,655
14/02/2013,657
15/02/2013,661
18/02/2013,659
19/02/2013,658
20/02/2013,669
21/02/2013,673
22/02/2013,677
25/02/2013,683
26/02/2013,686
27/02/2013,692
28/02/2013,697
01/03/2013,700
04/03/2013,696
05/03/2013,690
06/03/2013,686
07/03/2013,681
08/03/2013,674
11/03/2013,666
12/03/2013,661
13/03/2013,661
14/03/2013,669
15/03/2013,663
18/03/2013,662
19/03/2013,659
20/03/2013,664
21/03/2013,671
22/03/2013,677
25/03/2013,675
26/03/2013,669
27/03/2013,663
28/03/2013,661
02/04/2013,658
03/04/2013,659
04/04/2013,677
05/04/2013,707
08/04/2013,712
09/04/2013,709
10/04/2013,702
11/04/2013,682
12/04/2013,674
15/04/2013,663
16/04/2013,638
17/04/2013,630
18/04/2013,632
19/04/2013,634
22/04/2013,638
23/04/2013,638
24/04/2013,626
25/04/2013,622
26/04/2013,623
29/04/2013,621
30/04/2013,619
01/05/2013,623
02/05/2013,623
03/05/2013,622
07/05/2013,620
08/05/2013,616
09/05/2013,620
10/05/2013,617
13/05/2013,615
14/05/2013,615
15/05/2013,614
16/05/2013,611
17/05/2013,612
20/05/2013,609
21/05/2013,605
22/05/2013,603
23/05/2013,604
24/05/2013,606
28/05/2013,609
29/05/2013,614
30/05/2013,614
31/05/2013,612
03/06/2013,610
04/06/2013,609
05/06/2013,608
06/06/2013,605
07/06/2013,602
10/06/2013,603
11/06/2013,601
12/06/2013,594
13/06/2013,590
14/06/2013,587
17/06/2013,586
18/06/2013,583
19/06/2013,580
20/06/2013,580
21/06/2013,584
24/06/2013,583
25/06/2013,580
26/06/2013,577
27/06/2013,577
28/06/2013,577
01/07/2013,580
02/07/2013,587
03/07/2013,589
04/07/2013,598
05/07/2013,603
08/07/2013,606
09/07/2013,609
10/07/2013,611
11/07/2013,613
12/07/2013,612
15/07/2013,611
16/07/2013,609
17/07/2013,617
18/07/2013,630
19/07/2013,650
22/07/2013,650
23/07/2013,649
24/07/2013,646
25/07/2013,650
26/07/2013,653
29/07/2013,650
30/07/2013,638
31/07/2013,624
01/08/2013,618
02/08/2013,618
05/08/2013,618
06/08/2013,618
07/08/2013,621
08/08/2013,629
09/08/2013,632
12/08/2013,631
13/08/2013,631
14/08/2013,642
15/08/2013,645
16/08/2013,644
19/08/2013,647
20/08/2013,653
21/08/2013,663
22/08/2013,663
23/08/2013,658
27/08/2013,645
28/08/2013,642
29/08/2013,630
30/08/2013,622
02/09/2013,618
03/09/2013,608
04/09/2013,604
05/09/2013,598
06/09/2013,593
09/09/2013,587
10/09/2013,583
11/09/2013,583
12/09/2013,585
13/09/2013,583
16/09/2013,582
17/09/2013,582
18/09/2013,580
19/09/2013,580
20/09/2013,589
23/09/2013,585
24/09/2013,586
25/09/2013,588
26/09/2013,587
27/09/2013,586
30/09/2013,584
01/10/2013,586
02/10/2013,587
03/10/2013,594
04/10/2013,601
07/10/2013,599
08/10/2013,601
09/10/2013,595
10/10/2013,591
11/10/2013,587
14/10/2013,586
15/10/2013,589
16/10/2013,607
17/10/2013,617
18/10/2013,621
21/10/2013,621
22/10/2013,617
23/10/2013,614
24/10/2013,596
25/10/2013,600
28/10/2013,599
29/10/2013,596
30/10/2013,591
31/10/2013,595
01/11/2013,604
04/11/2013,608
05/11/2013,615
06/11/2013,623
07/11/2013,631
08/11/2013,635
11/11/2013,635
12/11/2013,639
13/11/2013,643
14/11/2013,647
15/11/2013,642
18/11/2013,647
19/11/2013,650
20/11/2013,655
21/11/2013,652
22/11/2013,652
25/11/2013,652
26/11/2013,653
27/11/2013,666
28/11/2013,673
29/11/2013,674
02/12/2013,680
03/12/2013,694
04/12/2013,699
05/12/2013,709
06/12/2013,740
09/12/2013,759
10/12/2013,780
11/12/2013,795
12/12/2013,804
13/12/2013,823
16/12/2013,829
17/12/2013,853
18/12/2013,870
19/12/2013,897
20/12/2013,932
23/12/2013,988
24/12/2013,997
02/01/2014,1021
03/01/2014,1026
06/01/2014,1006
07/01/2014,1014
08/01/2014,1026
09/01/2014,1041
10/01/2014,1051
13/01/2014,1053
14/01/2014,1090
15/01/2014,1142
16/01/2014,1222
17/01/2014,1273
20/01/2014,1344
21/01/2014,1340
22/01/2014,1323
23/01/2014,1243
24/01/2014,1186
27/01/2014,1132
28/01/2014,1099
29/01/2014,1065
30/01/2014,1037
31/01/2014,1005
03/02/2014,958
04/02/2014,926
05/02/2014,890
06/02/2014,866
07/02/2014,853
10/02/2014,852
11/02/2014,846
12/02/2014,829
13/02/2014,818
14/02/2014,811
17/02/2014,802
18/02/2014,783
19/02/2014,772
20/02/2014,770
21/02/2014,761
24/02/2014,753
25/02/2014,750
26/02/2014,741
27/02/2014,737
28/02/2014,726
03/03/2014,717
04/03/2014,711
05/03/2014,702
06/03/2014,695
07/03/2014,689
10/03/2014,692
11/03/2014,681
12/03/2014,678
13/03/2014,676
14/03/2014,679
17/03/2014,682
18/03/2014,695
19/03/2014,699
20/03/2014,711
21/03/2014,712
24/03/2014,712
25/03/2014,711
26/03/2014,711
27/03/2014,709
28/03/2014,705
31/03/2014,700
01/04/2014,694
02/04/2014,691
03/04/2014,688
04/04/2014,696
07/04/2014,696
08/04/2014,691
09/04/2014,693
10/04/2014,692
11/04/2014,693
14/04/2014,690
15/04/2014,693
16/04/2014,686
17/04/2014,677
22/04/2014,673
23/04/2014,666
24/04/2014,658
25/04/2014,657
28/04/2014,655
29/04/2014,651
30/04/2014,648
01/05/2014,644
02/05/2014,647
06/05/2014,648
07/05/2014,655
08/05/2014,665
09/05/2014,664
12/05/2014,661
13/05/2014,658
14/05/2014,657
15/05/2014,656
16/05/2014,652
19/05/2014,649
20/05/2014,651
21/05/2014,669
22/05/2014,684
23/05/2014,691
27/05/2014,682
28/05/2014,674
29/05/2014,667
30/05/2014,657
02/06/2014,651
03/06/2014,641
04/06/2014,635
05/06/2014,630
06/06/2014,635
09/06/2014,636
10/06/2014,637
11/06/2014,637
12/06/2014,635
13/06/2014,641
16/06/2014,641
17/06/2014,650
18/06/2014,672
19/06/2014,712
20/06/2014,715
23/06/2014,717
24/06/2014,717
25/06/2014,717
26/06/2014,723
27/06/2014,721
30/06/2014,724
01/07/2014,728
02/07/2014,747
03/07/2014,750
04/07/2014,741
07/07/2014,736
08/07/2014,739
09/07/2014,752
10/07/2014,774
11/07/2014,786
14/07/2014,796
15/07/2014,820
16/07/2014,884
17/07/2014,896
18/07/2014,906
21/07/2014,918
22/07/2014,955
23/07/2014,946
24/07/2014,931
25/07/2014,891
28/07/2014,862
29/07/2014,848
30/07/2014,842
31/07/2014,833
01/08/2014,826
04/08/2014,815
05/08/2014,800
06/08/2014,794
07/08/2014,811
08/08/2014,807
11/08/2014,793
12/08/2014,762
13/08/2014,753
14/08/2014,748
15/08/2014,747
18/08/2014,749
19/08/2014,759
20/08/2014,768
21/08/2014,761
22/08/2014,759
26/08/2014,742
27/08/2014,735
28/08/2014,722
29/08/2014,699
01/09/2014,693
02/09/2014,687
03/09/2014,682
04/09/2014,677
05/09/2014,674
08/09/2014,665
09/09/2014,660
10/09/2014,652
11/09/2014,645
12/09/2014,640
15/09/2014,635
16/09/2014,630
17/09/2014,625
18/09/2014,615
19/09/2014,612
22/09/2014,607
23/09/2014,604
24/09/2014,605
25/09/2014,608
26/09/2014,611
29/09/2014,613
30/09/2014,623
01/10/2014,639
02/10/2014,639
03/10/2014,645
06/10/2014,649
07/10/2014,657
08/10/2014,664
09/10/2014,674
10/10/2014,678
13/10/2014,683
14/10/2014,689
15/10/2014,694
16/10/2014,698
17/10/2014,700
20/10/2014,702
21/10/2014,703
22/10/2014,699
23/10/2014,699
24/10/2014,716
27/10/2014,735
28/10/2014,754
29/10/2014,777
30/10/2014,795
31/10/2014,809
03/11/2014,813
04/11/2014,820
05/11/2014,825
06/11/2014,833
07/11/2014,839
10/11/2014,839
11/11/2014,835
12/11/2014,843
13/11/2014,865
14/11/2014,871
17/11/2014,909
18/11/2014,937
19/11/2014,964
20/11/2014,973
21/11/2014,975
24/11/2014,960
25/11/2014,947
26/11/2014,939
27/11/2014,893
28/11/2014,866
02/12/2014,833
03/12/2014,826
04/12/2014,818
05/12/2014,815
08/12/2014,818
09/12/2014,824
10/12/2014,835
11/12/2014,842
12/12/2014,857
15/12/2014,871
16/12/2014,886
17/12/2014,888
18/12/2014,881
19/12/2014,877
22/12/2014,872
23/12/2014,862
24/12/2014,862
02/01/2015,885
05/01/2015,884
06/01/2015,884
07/01/2015,884
08/01/2015,895
09/01/2015,905
12/01/2015,914
13/01/2015,933
14/01/2015,937
15/01/2015,942
16/01/2015,950
19/01/2015,948
20/01/2015,953
21/01/2015,946
22/01/2015,934
23/01/2015,917
26/01/2015,889
27/01/2015,878
28/01/2015,870
29/01/2015,868
30/01/2015,863
02/02/2015,894
03/02/2015,904
04/02/2015,910
05/02/2015,922
06/02/2015,920
09/02/2015,900
10/02/2015,886
11/02/2015,870
12/02/2015,867
13/02/2015,863
16/02/2015,853
17/02/2015,841
18/02/2015,845
19/02/2015,841
20/02/2015,840
23/02/2015,838
24/02/2015,838
25/02/2015,838
26/02/2015,837
27/02/2015,841
02/03/2015,835
03/03/2015,835
04/03/2015,844
05/03/2015,851
06/03/2015,848
09/03/2015,837
10/03/2015,827
11/03/2015,818
12/03/2015,816
13/03/2015,812
16/03/2015,809
17/03/2015,796
18/03/2015,783
19/03/2015,772
20/03/2015,769
23/03/2015,786
24/03/2015,803
25/03/2015,813
26/03/2015,811
27/03/2015,801
30/03/2015,792
31/03/2015,809
01/04/2015,804
02/04/2015,795
07/04/2015,776
08/04/2015,764
09/04/2015,771
10/04/2015,772
13/04/2015,778
14/04/2015,790
15/04/2015,798
16/04/2015,800
17/04/2015,799
20/04/2015,805
21/04/2015,801
22/04/2015,792
23/04/2015,784
24/04/2015,778
27/04/2015,773
28/04/2015,772
29/04/2015,768
30/04/2015,754
01/05/2015,749
05/05/2015,745
06/05/2015,741
07/05/2015,744
08/05/2015,753
11/05/2015,746
12/05/2015,748
13/05/2015,761
14/05/2015,806
15/05/2015,829
18/05/2015,846
19/05/2015,892
20/05/2015,938
21/05/2015,918
22/05/2015,901
26/05/2015,883
27/05/2015,868
28/05/2015,865
29/05/2015,856
01/06/2015,848
02/06/2015,846
03/06/2015,859
04/06/2015,863
05/06/2015,874
08/06/2015,887
09/06/2015,914
10/06/2015,910
11/06/2015,908
12/06/2015,917
15/06/2015,917
16/06/2015,931
17/06/2015,969
18/06/2015,1011
19/06/2015,1025
22/06/2015,1046
23/06/2015,1070
24/06/2015,1066
25/06/2015,1054
26/06/2015,1026
29/06/2015,989
30/06/2015,972
01/07/2015,952
02/07/2015,936
03/07/2015,916
06/07/2015,903
07/07/2015,888
08/07/2015,870
09/07/2015,857
10/07/2015,835
13/07/2015,827
14/07/2015,820
15/07/2015,824
16/07/2015,840
17/07/2015,846
20/07/2015,854
21/07/2015,849
22/07/2015,826
23/07/2015,817
24/07/2015,813
27/07/2015,803
28/07/2015,792
29/07/2015,776
30/07/2015,763
31/07/2015,755
03/08/2015,742
04/08/2015,735
05/08/2015,726
06/08/2015,713
07/08/2015,708
10/08/2015,694
11/08/2015,677
12/08/2015,673
13/08/2015,673
14/08/2015,668
17/08/2015,665
18/08/2015,654
19/08/2015,644
20/08/2015,632
21/08/2015,622
24/08/2015,611
25/08/2015,601
26/08/2015,595
27/08/2015,593
28/08/2015,598
01/09/2015,609
02/09/2015,616
03/09/2015,628
04/09/2015,633
07/09/2015,640
08/09/2015,639
09/09/2015,642
10/09/2015,640
11/09/2015,635
14/09/2015,629
15/09/2015,626
16/09/2015,639
17/09/2015,658
18/09/2015,666
21/09/2015,671
22/09/2015,674
23/09/2015,697
24/09/2015,705
25/09/2015,706
28/09/2015,703
29/09/2015,698
30/09/2015,715
01/10/2015,725
02/10/2015,745
05/10/2015,754
06/10/2015,774
07/10/2015,786
08/10/2015,790
09/10/2015,783
12/10/2015,778
13/10/2015,769
14/10/2015,771
15/10/2015,772
16/10/2015,771
19/10/2015,756
20/10/2015,751
21/10/2015,749
22/10/2015,739
23/10/2015,739
26/10/2015,737
27/10/2015,756
28/10/2015,744
29/10/2015,750
30/10/2015,788
02/11/2015,816
03/11/2015,823
04/11/2015,822
05/11/2015,822
06/11/2015,828
09/11/2015,831
10/11/2015,835
11/11/2015,852
12/11/2015,853
13/11/2015,861
16/11/2015,863
17/11/2015,871
18/11/2015,879
19/11/2015,883
20/11/2015,887
23/11/2015,888
24/11/2015,890
25/11/2015,891
26/11/2015,899
27/11/2015,904
30/11/2015,907
01/12/2015,926
02/12/2015,953
03/12/2015,962
04/12/2015,962
07/12/2015,962
08/12/2015,956
09/12/2015,943
10/12/2015,920
11/12/2015,920
14/12/2015,904
15/12/2015,897
16/12/2015,898
17/12/2015,897
18/12/2015,897
21/12/2015,889
22/12/2015,879
23/12/2015,873
24/12/2015,869
04/01/2016,1065
05/01/2016,1057
06/01/2016,1051
07/01/2016,1043
08/01/2016,1016
11/01/2016,988
12/01/2016,957
13/01/2016,929
14/01/2016,906
15/01/2016,897
18/01/2016,882
19/01/2016,882
20/01/2016,876
21/01/2016,870
22/01/2016,859
25/01/2016,838
26/01/2016,820
27/01/2016,812
28/01/2016,806
29/01/2016,817
01/02/2016,815
02/02/2016,808
03/02/2016,802
04/02/2016,800
05/02/2016,795
08/02/2016,791
09/02/2016,787
10/02/2016,793
11/02/2016,813
12/02/2016,819
15/02/2016,816
16/02/2016,809
17/02/2016,807
18/02/2016,806
19/02/2016,799
22/02/2016,788
23/02/2016,779
24/02/2016,767
25/02/2016,751
26/02/2016,740
29/02/2016,730
01/03/2016,722
02/03/2016,717
03/03/2016,715
04/03/2016,720
07/03/2016,738
08/03/2016,756
09/03/2016,771
10/03/2016,794
11/03/2016,833
14/03/2016,861
15/03/2016,870
16/03/2016,865
17/03/2016,872
18/03/2016,866
21/03/2016,848
22/03/2016,819
23/03/2016,803
24/03/2016,809
29/03/2016,818
30/03/2016,837
31/03/2016,840
01/04/2016,833
04/04/2016,808
05/04/2016,786
06/04/2016,774
07/04/2016,752
08/04/2016,752
11/04/2016,755
12/04/2016,764
13/04/2016,782
14/04/2016,788
15/04/2016,793
18/04/2016,790
19/04/2016,787
20/04/2016,777
21/04/2016,770
22/04/2016,775
25/04/2016,778
26/04/2016,774
27/04/2016,749
28/04/2016,740
29/04/2016,730
03/05/2016,717
04/05/2016,716
05/05/2016,713
06/05/2016,715
09/05/2016,715
10/05/2016,735
11/05/2016,735
12/05/2016,732
13/05/2016,732
16/05/2016,734
17/05/2016,736
18/05/2016,740
19/05/2016,747
20/05/2016,744
23/05/2016,731
24/05/2016,716
25/05/2016,723
26/05/2016,728
27/05/2016,735
31/05/2016,753
01/06/2016,762
02/06/2016,765
03/06/2016,759
06/06/2016,754
07/06/2016,739
08/06/2016,741
09/06/2016,736
10/06/2016,730
13/06/2016,713
14/06/2016,705
15/06/2016,712
16/06/2016,714
17/06/2016,718
20/06/2016,711
21/06/2016,705
22/06/2016,710
23/06/2016,713
24/06/2016,714
27/06/2016,703
28/06/2016,695
29/06/2016,694
30/06/2016,691
01/07/2016,686
04/07/2016,679
05/07/2016,673
06/07/2016,672
07/07/2016,669
08/07/2016,666
11/07/2016,654
12/07/2016,639
13/07/2016,628
14/07/2016,620
15/07/2016,612
18/07/2016,604
19/07/2016,599
20/07/2016,592
21/07/2016,589
22/07/2016,582
25/07/2016,579
26/07/2016,567
27/07/2016,559
28/07/2016,550
29/07/2016,541
01/08/2016,532
02/08/2016,523
03/08/2016,515
04/08/2016,509
05/08/2016,509
08/08/2016,505
09/08/2016,504
10/08/2016,500
11/08/2016,497
12/08/2016,496
15/08/2016,497
16/08/2016,497
17/08/2016,500
18/08/2016,501
19/08/2016,504
22/08/2016,506
23/08/2016,505
24/08/2016,512
25/08/2016,515
26/08/2016,515
30/08/2016,510
31/08/2016,515
01/09/2016,514
02/09/2016,516
05/09/2016,517
06/09/2016,528
07/09/2016,537
08/09/2016,536
09/09/2016,542
12/09/2016,543
13/09/2016,548
14/09/2016,549
15/09/2016,555
16/09/2016,561
19/09/2016,566
20/09/2016,588
21/09/2016,602
22/09/2016,606
23/09/2016,611
26/09/2016,618
27/09/2016,638
28/09/2016,644
29/09/2016,638
30/09/2016,625
03/10/2016,622
04/10/2016,616
05/10/2016,613
06/10/2016,619
07/10/2016,621
10/10/2016,626
11/10/2016,633
12/10/2016,641
13/10/2016,657
14/10/2016,673
17/10/2016,674
18/10/2016,681
19/10/2016,686
20/10/2016,692
21/10/2016,691
24/10/2016,680
25/10/2016,667
26/10/2016,658
27/10/2016,657
28/10/2016,660
31/10/2016,656
01/11/2016,655
02/11/2016,670
03/11/2016,667
04/11/2016,665
07/11/2016,659
08/11/2016,661
09/11/2016,682
10/11/2016,744
11/11/2016,750
14/11/2016,740
15/11/2016,740
16/11/2016,786
17/11/2016,831
18/11/2016,828
21/11/2016,834
22/11/2016,862
23/11/2016,870
24/11/2016,886
25/11/2016,892
28/11/2016,896
29/11/2016,895
30/11/2016,891
01/12/2016,878
02/12/2016,889
05/12/2016,887
06/12/2016,863
07/12/2016,868
08/12/2016,889
09/12/2016,903
12/12/2016,887
13/12/2016,889
14/12/2016,895
15/12/2016,909
16/12/2016,911
19/12/2016,910
20/12/2016,920
21/12/2016,945
22/12/2016,936
23/12/2016,919
03/01/2017,1088
04/01/2017,1053
05/01/2017,1024
06/01/2017,1026
09/01/2017,1013
10/01/2017,1017
11/01/2017,1018
12/01/2017,1024
13/01/2017,1027
16/01/2017,1018
17/01/2017,1001
18/01/2017,1006
19/01/2017,1002
20/01/2017,997
23/01/2017,995
24/01/2017,987
25/01/2017,977
26/01/2017,965
27/01/2017,946
30/01/2017,930
31/01/2017,901
01/02/2017,877
02/02/2017,864
03/02/2017,858
06/02/2017,856
07/02/2017,846
08/02/2017,842
09/02/2017,846
10/02/2017,847
13/02/2017,851
14/02/2017,862
15/02/2017,850
16/02/2017,869
17/02/2017,863
20/02/2017,859
21/02/2017,857
22/02/2017,852
23/02/2017,856
24/02/2017,857
27/02/2017,847
28/02/2017,835
01/03/2017,831
02/03/2017,837
03/03/2017,841
06/03/2017,838
07/03/2017,839
08/03/2017,859
09/03/2017,862
10/03/2017,850
13/03/2017,850
14/03/2017,847
15/03/2017,835
16/03/2017,832
17/03/2017,824
20/03/2017,824
21/03/2017,826
22/03/2017,816
23/03/2017,812
24/03/2017,804
27/03/2017,799
28/03/2017,802
29/03/2017,800
30/03/2017,794
31/03/2017,790
03/04/2017,781
04/04/2017,778
05/04/2017,773
06/04/2017,777
07/04/2017,775
10/04/2017,776
11/04/2017,776
12/04/2017,790
13/04/2017,800
18/04/2017,814
19/04/2017,819
20/04/2017,819
21/04/2017,812
24/04/2017,812
25/04/2017,802
26/04/2017,797
27/04/2017,786
28/04/2017,785
02/05/2017,778
03/05/2017,767
04/05/2017,768
05/05/2017,774
08/05/2017,775
09/05/2017,772
10/05/2017,763
11/05/2017,748
12/05/2017,741
15/05/2017,742
16/05/2017,737
17/05/2017,757
18/05/2017,765
19/05/2017,785
22/05/2017,799
23/05/2017,821
24/05/2017,825
25/05/2017,814
26/05/2017,807
30/05/2017,785
31/05/2017,768
01/06/2017,756
02/06/2017,742
05/06/2017,733
06/06/2017,718
07/06/2017,708
08/06/2017,705
09/06/2017,702
12/06/2017,700
13/06/2017,699
14/06/2017,705
15/06/2017,704
16/06/2017,702
19/06/2017,699
20/06/2017,690
21/06/2017,688
22/06/2017,686
23/06/2017,683
26/06/2017,681
27/06/2017,671
28/06/2017,670
29/06/2017,668
30/06/2017,663
03/07/2017,659
04/07/2017,656
05/07/2017,656
06/07/2017,647
07/07/2017,649
10/07/2017,651
11/07/2017,651
12/07/2017,647
13/07/2017,644
14/07/2017,644
17/07/2017,648
18/07/2017,643
19/07/2017,642
20/07/2017,649
21/07/2017,655
24/07/2017,649
25/07/2017,646
26/07/2017,647
27/07/2017,644
28/07/2017,640
31/07/2017,639
01/08/2017,632
02/08/2017,632
03/08/2017,628
04/08/2017,619
07/08/2017,614
08/08/2017,616
09/08/2017,618
10/08/2017,620
11/08/2017,621
14/08/2017,618
15/08/2017,617
16/08/2017,620
17/08/2017,618
18/08/2017,621
21/08/2017,622
22/08/2017,621
23/08/2017,620
24/08/2017,627
25/08/2017,643
29/08/2017,659
30/08/2017,667
31/08/2017,677
01/09/2017,682
04/09/2017,691
05/09/2017,698
06/09/2017,699
07/09/2017,701
08/09/2017,707
11/09/2017,715
12/09/2017,725
13/09/2017,732
14/09/2017,739
15/09/2017,744
18/09/2017,744
19/09/2017,740
20/09/2017,751
21/09/2017,760
22/09/2017,772
25/09/2017,781
26/09/2017,780
27/09/2017,783
28/09/2017,782
29/09/2017,776
02/10/2017,775
03/10/2017,758
04/10/2017,760
05/10/2017,766
06/10/2017,776
09/10/2017,783
10/10/2017,818
11/10/2017,856
12/10/2017,870
13/10/2017,903
16/10/2017,913
17/10/2017,916
18/10/2017,907
19/10/2017,902
20/10/2017,896
23/10/2017,899
24/10/2017,901
25/10/2017,912
26/10/2017,920
27/10/2017,914
30/10/2017,904
31/10/2017,871
01/11/2017,867
02/11/2017,855
03/11/2017,843
06/11/2017,820
07/11/2017,814
08/11/2017,807
09/11/2017,802
10/11/2017,803
13/11/2017,796
14/11/2017,790
15/11/2017,787
16/11/2017,790
17/11/2017,809
20/11/2017,827
21/11/2017,827
22/11/2017,826
23/11/2017,820
24/11/2017,812
27/11/2017,798
28/11/2017,799
29/11/2017,794
30/11/2017,806
01/12/2017,820
04/12/2017,821
05/12/2017,822
06/12/2017,824
07/12/2017,823
08/12/2017,814
11/12/2017,814
12/12/2017,812
13/12/2017,812
14/12/2017,814
15/12/2017,815
18/12/2017,820
19/12/2017,824
20/12/2017,825
21/12/2017,831
22/12/2017,827
02/01/2018,700
03/01/2018,683
04/01/2018,676
05/01/2018,680
08/01/2018,682
09/01/2018,691
10/01/2018,685
11/01/2018,681
12/01/2018,684
15/01/2018,693
16/01/2018,717
17/01/2018,715
18/01/2018,707
19/01/2018,705
22/01/2018,702
23/01/2018,694
24/01/2018,691
25/01/2018,683
26/01/2018,682
29/01/2018,679
30/01/2018,670
31/01/2018,664
01/02/2018,661
02/02/2018,658
05/02/2018,654
06/02/2018,648
07/02/2018,648
08/02/2018,643
09/02/2018,642
12/02/2018,640
13/02/2018,637
14/02/2018,642
15/02/2018,649
16/02/2018,649
19/02/2018,645
20/02/2018,641
21/02/2018,640
22/02/2018,645
23/02/2018,646
26/02/2018,652
27/02/2018,658
28/02/2018,658
01/03/2018,662
02/03/2018,669
05/03/2018,664
06/03/2018,654
07/03/2018,648
08/03/2018,651
09/03/2018,653
12/03/2018,648
13/03/2018,642
14/03/2018,641
15/03/2018,639
16/03/2018,635
19/03/2018,636
20/03/2018,645
21/03/2018,649
22/03/2018,652
23/03/2018,656
26/03/2018,658
27/03/2018,662
28/03/2018,662
29/03/2018,661
03/04/2018,651
04/04/2018,648
05/04/2018,646
06/04/2018,643
09/04/2018,637
10/04/2018,631
11/04/2018,628
12/04/2018,639
13/04/2018,640
16/04/2018,638
17/04/2018,636
18/04/2018,635
19/04/2018,637
20/04/2018,637
23/04/2018,639
24/04/2018,637
25/04/2018,639
26/04/2018,648
27/04/2018,655
30/04/2018,656
01/05/2018,655
02/05/2018,647
03/05/2018,648
04/05/2018,650
08/05/2018,655
09/05/2018,656
10/05/2018,656
11/05/2018,657
14/05/2018,656
15/05/2018,667
16/05/2018,681
17/05/2018,692
18/05/2018,714
21/05/2018,729
22/05/2018,748
23/05/2018,761
24/05/2018,776
25/05/2018,781
29/05/2018,779
30/05/2018,768
31/05/2018,754
01/06/2018,754
04/06/2018,749
05/06/2018,745
06/06/2018,735
07/06/2018,731
08/06/2018,734
11/06/2018,746
12/06/2018,751
13/06/2018,768
14/06/2018,760
15/06/2018,746
18/06/2018,736
19/06/2018,743
20/06/2018,743
21/06/2018,742
22/06/2018,745
25/06/2018,745
26/06/2018,735
27/06/2018,727
28/06/2018,724
29/06/2018,712
02/07/2018,705
03/07/2018,702
04/07/2018,705
05/07/2018,710
06/07/2018,721
09/07/2018,729
10/07/2018,732
11/07/2018,741
12/07/2018,738
13/07/2018,744
16/07/2018,738
17/07/2018,723
18/07/2018,714
19/07/2018,713
20/07/2018,723
23/07/2018,727
24/07/2018,748
25/07/2018,753
26/07/2018,755
27/07/2018,759
30/07/2018,768
31/07/2018,768
01/08/2018,760
02/08/2018,756
03/08/2018,758
06/08/2018,749
07/08/2018,733
08/08/2018,725
09/08/2018,717
10/08/2018,713
13/08/2018,715
14/08/2018,723
15/08/2018,731
16/08/2018,736
17/08/2018,753
20/08/2018,774
21/08/2018,792
22/08/2018,791
23/08/2018,794
24/08/2018,804
28/08/2018,795
29/08/2018,789
30/08/2018,787
31/08/2018,786
03/09/2018,780
04/09/2018,772
05/09/2018,778
06/09/2018,778
07/09/2018,785
10/09/2018,784
11/09/2018,774
12/09/2018,769
13/09/2018,770
14/09/2018,765
17/09/2018,763
18/09/2018,766
19/09/2018,773
20/09/2018,780
21/09/2018,791
24/09/2018,794
25/09/2018,801
26/09/2018,804
27/09/2018,805
28/09/2018,791
01/10/2018,793
02/10/2018,801
03/10/2018,808
04/10/2018,837
05/10/2018,853
08/10/2018,858
09/10/2018,875
10/10/2018,890
11/10/2018,913
12/10/2018,921
15/10/2018,922
16/10/2018,947
17/10/2018,963
18/10/2018,988
19/10/2018,1024
22/10/2018,1051
23/10/2018,1066
24/10/2018,1099
25/10/2018,1121
26/10/2018,1141
29/10/2018,1153
30/10/2018,1150
31/10/2018,1157
01/11/2018,1152
02/11/2018,1143
05/11/2018,1134
06/11/2018,1116
07/11/2018,1104
08/11/2018,1097
09/11/2018,1092
12/11/2018,1086
13/11/2018,1082
14/11/2018,1091
15/11/2018,1099
16/11/2018,1106
19/11/2018,1103
20/11/2018,1107
21/11/2018,1104
22/11/2018,1126
23/11/2018,1130
26/11/2018,1127
27/11/2018,1131
28/11/2018,1133
29/11/2018,1135
30/11/2018,1132
03/12/2018,1129
04/12/2018,1146
05/12/2018,1160
06/12/2018,1168
07/12/2018,1167
10/12/2018,1180
11/12/2018,1212
12/12/2018,1218
13/12/2018,1223
14/12/2018,1223
17/12/2018,1230
18/12/2018,1240
19/12/2018,1266
20/12/2018,1258
21/12/2018,1256
24/12/2018,1252
02/01/2019,1009
03/01/2019,999
04/01/2019,982
07/01/2019,973
08/01/2019,967
09/01/2019,957
10/01/2019,930
11/01/2019,929
14/01/2019,925
15/01/2019,920
16/01/2019,899
17/01/2019,891
18/01/2019,873
21/01/2019,875
22/01/2019,868
23/01/2019,866
24/01/2019,875
25/01/2019,877
28/01/2019,874
29/01/2019,872
30/01/2019,859
31/01/2019,848
01/02/2019,843
04/02/2019,824
05/02/2019,806
06/02/2019,805
07/02/2019,797
08/02/2019,795
11/02/2019,791
12/02/2019,790
13/02/2019,798
14/02/2019,806
15/02/2019,818
18/02/2019,819
19/02/2019,828
20/02/2019,831
21/02/2019,828
22/02/2019,823
25/02/2019,801
26/02/2019,799
27/02/2019,796
28/02/2019,781
01/03/2019,774
04/03/2019,762
05/03/2019,754
06/03/2019,753
07/03/2019,747
08/03/2019,742
11/03/2019,737
12/03/2019,743
13/03/2019,740
14/03/2019,737
15/03/2019,735
18/03/2019,730
19/03/2019,715
20/03/2019,705
21/03/2019,700
22/03/2019,695
25/03/2019,688
26/03/2019,678
27/03/2019,663
28/03/2019,651
29/03/2019,648
01/04/2019,640
02/04/2019,632
03/04/2019,623
04/04/2019,618
05/04/2019,617
08/04/2019,610
09/04/2019,618
10/04/2019,620
11/04/2019,634
12/04/2019,639
15/04/2019,639
16/04/2019,643
17/04/2019,652
18/04/2019,653
23/04/2019,644
24/04/2019,636
25/04/2019,635
26/04/2019,640
29/04/2019,638
30/04/2019,634
01/05/2019,635
02/05/2019,638
03/05/2019,645
07/05/2019,662
08/05/2019,672
09/05/2019,680
10/05/2019,697
13/05/2019,703
14/05/2019,704
15/05/2019,697
16/05/2019,683
17/05/2019,678
20/05/2019,674
21/05/2019,673
22/05/2019,672
23/05/2019,666
24/05/2019,665
28/05/2019,658
29/05/2019,651
30/05/2019,643
31/05/2019,636
03/06/2019,634
04/06/2019,633
05/06/2019,632
06/06/2019,635
07/06/2019,643
10/06/2019,645
11/06/2019,654
12/06/2019,653
13/06/2019,657
14/06/2019,662
17/06/2019,668
18/06/2019,677
19/06/2019,676
20/06/2019,681
21/06/2019,679
24/06/2019,678
25/06/2019,679
26/06/2019,678
27/06/2019,677
28/06/2019,680
01/07/2019,679
02/07/2019,673
03/07/2019,660
04/07/2019,652
05/07/2019,650
08/07/2019,645
09/07/2019,640
10/07/2019,633
11/07/2019,631
12/07/2019,628
15/07/2019,627
16/07/2019,623
17/07/2019,627
18/07/2019,625
19/07/2019,622
22/07/2019,624
23/07/2019,626
24/07/2019,628
25/07/2019,634
26/07/2019,634
29/07/2019,632
30/07/2019,624
31/07/2019,621
01/08/2019,620
02/08/2019,621
05/08/2019,617
06/08/2019,617
07/08/2019,626
08/08/2019,628
09/08/2019,627
12/08/2019,626
13/08/2019,627
14/08/2019,627
15/08/2019,631
16/08/2019,646
19/08/2019,649
20/08/2019,657
21/08/2019,659
22/08/2019,656
23/08/2019,662
27/08/2019,663
28/08/2019,664
29/08/2019,660
30/08/2019,656
02/09/2019,654
03/09/2019,651
04/09/2019,667
05/09/2019,676
06/09/2019,683
09/09/2019,685
10/09/2019,686
11/09/2019,696
12/09/2019,706
13/09/2019,708
16/09/2019,729
17/09/2019,755
18/09/2019,777
19/09/2019,795
20/09/2019,828
23/09/2019,833
24/09/2019,849
25/09/2019,850
26/09/2019,876
27/09/2019,935
30/09/2019,961
01/10/2019,998
02/10/2019,1033
03/10/2019,1123
04/10/2019,1191
07/10/2019,1258
08/10/2019,1355
09/10/2019,1442
10/10/2019,1561
11/10/2019,1941
14/10/2019,1958
15/10/2019,1797
16/10/2019,1641
17/10/2019,1532
18/10/2019,1432
21/10/2019,1376
22/10/2019,1312
23/10/2019,1282
24/10/2019,1227
25/10/2019,1185
28/10/2019,1144
29/10/2019,1101
30/10/2019,1055
31/10/2019,1040
01/11/2019,1029
04/11/2019,1011
05/11/2019,967
06/11/2019,938
07/11/2019,914
08/11/2019,899
11/11/2019,902
12/11/2019,941
13/11/2019,984
14/11/2019,1082
15/11/2019,1119
18/11/2019,1143
19/11/2019,1194
20/11/2019,1235
21/11/2019,1276
22/11/2019,1296
25/11/2019,1276
26/11/2019,1297
27/11/2019,1301
28/11/2019,1283
29/11/2019,1267
02/12/2019,1252
03/12/2019,1237
04/12/2019,1259
05/12/2019,1286
06/12/2019,1315
09/12/2019,1338
10/12/2019,1375
11/12/2019,1414
12/12/2019,1419
13/12/2019,1440
16/12/2019,1455
17/12/2019,1509
18/12/2019,1545
19/12/2019,1560
20/12/2019,1589
23/12/2019,1580
24/12/2019,1597
02/01/2020,1503
03/01/2020,1517
06/01/2020,1500
07/01/2020,1509
08/01/2020,1520
09/01/2020,1508
10/01/2020,1473
13/01/2020,1448
14/01/2020,1396
15/01/2020,1340
16/01/2020,1305
17/01/2020,1241
20/01/2020,1226
21/01/2020,1227
22/01/2020,1237
23/01/2020,1208
24/01/2020,1190
27/01/2020,1152
28/01/2020,1093
29/01/2020,1046
30/01/2020,934
31/01/2020,882
03/02/2020,850
04/02/2020,803
05/02/2020,798
06/02/2020,796
07/02/2020,803
10/02/2020,816
11/02/2020,840
12/02/2020,847
13/02/2020,855
14/02/2020,865
17/02/2020,871
18/02/2020,871
19/02/2020,872
20/02/2020,870
21/02/2020,865
24/02/2020,862
25/02/2020,850
26/02/2020,817
27/02/2020,806
28/02/2020,796
02/03/2020,796
03/03/2020,796
04/03/2020,796
05/03/2020,792
06/03/2020,764
09/03/2020,778
10/03/2020,848
11/03/2020,1057
12/03/2020,1173
13/03/2020,1434
16/03/2020,1518
17/03/2020,1516
18/03/2020,1379
19/03/2020,1242
20/03/2020,1166
23/03/2020,1099
24/03/2020,1041
25/03/2020,1068
26/03/2020,1111
27/03/2020,1230
30/03/2020,1348
31/03/2020,1394
01/04/2020,1406
02/04/2020,1402
03/04/2020,1383
06/04/2020,1240
07/04/2020,1122
08/04/2020,1071
09/04/2020,1114
14/04/2020,1108
15/04/2020,1084
16/04/2020,1102
17/04/2020,1154
20/04/2020,1182
21/04/2020,1377
22/04/2020,1525
23/04/2020,1537
24/04/2020,1550
27/04/2020,1536
28/04/2020,1503
29/04/2020,1387
30/04/2020,1236
01/05/2020,1105
04/05/2020,1015
05/05/2020,905
06/05/2020,881
07/05/2020,863
11/05/2020,868
12/05/2020,870
13/05/2020,872
14/05/2020,863
15/05/2020,852
18/05/2020,847
19/05/2020,818
20/05/2020,792
21/05/2020,756
22/05/2020,735
26/05/2020,718
27/05/2020,733
28/05/2020,720
29/05/2020,713
01/06/2020,698
02/06/2020,653
03/06/2020,628
04/06/2020,605
05/06/2020,592
08/06/2020,584
09/06/2020,577
10/06/2020,572
11/06/2020,559
12/06/2020,551
15/06/2020,545
16/06/2020,530
17/06/2020,524
18/06/2020,513
19/06/2020,509
22/06/2020,496
23/06/2020,473
24/06/2020,459
25/06/2020,466
26/06/2020,467
29/06/2020,465
30/06/2020,462
01/07/2020,464
02/07/2020,464
03/07/2020,471
06/07/2020,483
07/07/2020,487
08/07/2020,492
09/07/2020,498
10/07/2020,500
13/07/2020,499
14/07/2020,492
15/07/2020,491
16/07/2020,509
17/07/2020,520
20/07/2020,534
21/07/2020,541
22/07/2020,539
23/07/2020,530
24/07/2020,520
27/07/2020,516
28/07/2020,513
29/07/2020,506
30/07/2020,505
31/07/2020,506
03/08/2020,506
04/08/2020,506
05/08/2020,509
06/08/2020,507
07/08/2020,507
10/08/2020,503
11/08/2020,497
12/08/2020,500
13/08/2020,499
14/08/2020,498
17/08/2020,493
18/08/2020,490
19/08/2020,491
20/08/2020,488
21/08/2020,483
24/08/2020,480
25/08/2020,477
26/08/2020,473
27/08/2020,472
28/08/2020,474
01/09/2020,466
02/09/2020,457
03/09/2020,452
04/09/2020,446
07/09/2020,444
08/09/2020,446
09/09/2020,447
10/09/2020,450
11/09/2020,459
14/09/2020,456
15/09/2020,453
16/09/2020,448
17/09/2020,443
18/09/2020,441
21/09/2020,439
22/09/2020,433
23/09/2020,431
24/09/2020,434
25/09/2020,434
28/09/2020,436
29/09/2020,435
30/09/2020,435
01/10/2020,432
02/10/2020,429
05/10/2020,428
06/10/2020,424
07/10/2020,419
08/10/2020,417
09/10/2020,412
12/10/2020,410
13/10/2020,410
14/10/2020,412
15/10/2020,414
16/10/2020,417
19/10/2020,420
20/10/2020,423
21/10/2020,424
22/10/2020,421
23/10/2020,417
26/10/2020,425
27/10/2020,426
28/10/2020,422
29/10/2020,416
30/10/2020,411
02/11/2020,406
03/11/2020,405
04/11/2020,405
05/11/2020,405
06/11/2020,403
09/11/2020,403
10/11/2020,405
11/11/2020,407
12/11/2020,413
13/11/2020,425
16/11/2020,430
17/11/2020,432
18/11/2020,431
19/11/2020,437
20/11/2020,438
23/11/2020,437
24/11/2020,447
25/11/2020,451
26/11/2020,457
27/11/2020,455
30/11/2020,458
01/12/2020,455
02/12/2020,444
03/12/2020,445
04/12/2020,440
07/12/2020,440
08/12/2020,439
09/12/2020,435
10/12/2020,430
11/12/2020,431
14/12/2020,432
15/12/2020,435
16/12/2020,439
17/12/2020,453
18/12/2020,456
21/12/2020,461
22/12/2020,468
23/12/2020,466
24/12/2020,466
04/01/2021,543
05/01/2021,540
06/01/2021,533
07/01/2021,524
08/01/2021,520
11/01/2021,511
12/01/2021,505
13/01/2021,500
14/01/2021,496
15/01/2021,493
18/01/2021,492
19/01/2021,496
20/01/2021,498
21/01/2021,505
22/01/2021,512
25/01/2021,519
26/01/2021,520
27/01/2021,521
28/01/2021,521
29/01/2021,517
01/02/2021,515
02/02/2021,506
03/02/2021,497
04/02/2021,496
05/02/2021,496
08/02/2021,495
09/02/2021,497
10/02/2021,510
11/02/2021,519
12/02/2021,539
15/02/2021,550
16/02/2021,589
17/02/2021,602
18/02/2021,627
19/02/2021,639
22/02/2021,651
23/02/2021,663
24/02/2021,668
25/02/2021,669
26/02/2021,669
01/03/2021,668
02/03/2021,671
03/03/2021,667
04/03/2021,668
05/03/2021,666
08/03/2021,672
09/03/2021,696
10/03/2021,706
11/03/2021,720
12/03/2021,721
15/03/2021,727
16/03/2021,742
17/03/2021,746
18/03/2021,753
19/03/2021,748
22/03/2021,746
23/03/2021,747
24/03/2021,743
25/03/2021,748
26/03/2021,765
29/03/2021,765
30/03/2021,737
31/03/2021,710
01/04/2021,699
06/04/2021,685
07/04/2021,675
08/04/2021,658
09/04/2021,646
12/04/2021,629
13/04/2021,614
14/04/2021,612
15/04/2021,608
16/04/2021,605
19/04/2021,603
20/04/2021,600
21/04/2021,603
22/04/2021,605
23/04/2021,604
26/04/2021,603
27/04/2021,603
28/04/2021,604
29/04/2021,605
30/04/2021,606
04/05/2021,602
05/05/2021,604
06/05/2021,604
07/05/2021,607
10/05/2021,605
11/05/2021,606
12/05/2021,613
13/05/2021,610
14/05/2021,610
17/05/2021,610
18/05/2021,611
19/05/2021,606
20/05/2021,610
21/05/2021,615
24/05/2021,613
25/05/2021,614
26/05/2021,610
27/05/2021,605
28/05/2021,604
01/06/2021,598
02/06/2021,595
03/06/2021,589
04/06/2021,585
07/06/2021,583
08/06/2021,579
09/06/2021,581
10/06/2021,580
11/06/2021,581
14/06/2021,582
15/06/2021,583
16/06/2021,586
17/06/2021,588
18/06/2021,592
21/06/2021,604
22/06/2021,615
23/06/2021,621
24/06/2021,624
25/06/2021,624
28/06/2021,614
29/06/2021,605
30/06/2021,598
01/07/2021,592
02/07/2021,590
05/07/2021,586
06/07/2021,591
07/07/2021,588
08/07/2021,588
09/07/2021,586
12/07/2021,583
13/07/2021,582
14/07/2021,580
15/07/2021,585
16/07/2021,589
19/07/2021,590
20/07/2021,590
21/07/2021,591
22/07/2021,593
23/07/2021,593
26/07/2021,592
27/07/2021,594
28/07/2021,598
29/07/2021,604
30/07/2021,604
02/08/2021,605
03/08/2021,604
04/08/2021,607
05/08/2021,607
06/08/2021,609
09/08/2021,608
10/08/2021,608
11/08/2021,608
12/08/2021,609
13/08/2021,613
16/08/2021,610
17/08/2021,608
18/08/2021,607
19/08/2021,608
20/08/2021,610
23/08/2021,607
24/08/2021,605
25/08/2021,603
26/08/2021,604
27/08/2021,604
31/08/2021,610
01/09/2021,613
02/09/2021,617
03/09/2021,616
06/09/2021,615
07/09/2021,610
08/09/2021,604
09/09/2021,609
10/09/2021,611
13/09/2021,612
14/09/2021,614
15/09/2021,618
16/09/2021,616
17/09/2021,608
20/09/2021,608
21/09/2021,607
22/09/2021,610
23/09/2021,614
24/09/2021,614
27/09/2021,616
28/09/2021,618
29/09/2021,623
30/09/2021,626
01/10/2021,630
04/10/2021,635
05/10/2021,649
06/10/2021,662
07/10/2021,668
08/10/2021,680
11/10/2021,692
12/10/2021,701
13/10/2021,710
14/10/2021,719
15/10/2021,726
18/10/2021,727
19/10/2021,737
20/10/2021,743
21/10/2021,755
22/10/2021,768
25/10/2021,784
26/10/2021,793
27/10/2021,796
28/10/2021,800
29/10/2021,797
01/11/2021,794
02/11/2021,793
03/11/2021,794
04/11/2021,798
05/11/2021,817
08/11/2021,828
09/11/2021,835
10/11/2021,833
11/11/2021,835
12/11/2021,821
15/11/2021,812
16/11/2021,802
17/11/2021,795
18/11/2021,788
19/11/2021,780
22/11/2021,763
23/11/2021,753
24/11/2021,744
25/11/2021,745
26/11/2021,738
29/11/2021,731
30/11/2021,721
01/12/2021,720
02/12/2021,727
03/12/2021,737
06/12/2021,754
07/12/2021,764
08/12/2021,771
09/12/2021,777
10/12/2021,785
13/12/2021,788
14/12/2021,795
15/12/2021,803
16/12/2021,801
17/12/2021,803
20/12/2021,804
21/12/2021,801
22/12/2021,788
23/12/2021,788
24/12/2021,786
04/01/2022,722
05/01/2022,711
06/01/2022,711
07/01/2022,705
10/01/2022,704
11/01/2022,698
12/01/2022,694
13/01/2022,698
14/01/2022,698
17/01/2022,697
18/01/2022,694
19/01/2022,692
20/01/2022,691
21/01/2022,692
24/01/2022,692
25/01/2022,691
26/01/2022,682
27/01/2022,685
28/01/2022,687
31/01/2022,689
01/02/2022,685
02/02/2022,682
03/02/2022,679
04/02/2022,679
07/02/2022,682
08/02/2022,681
09/02/2022,682
10/02/2022,681
11/02/2022,687
14/02/2022,690
15/02/2022,691
16/02/2022,692
17/02/2022,694
18/02/2022,699
21/02/2022,706
22/02/2022,715
23/02/2022,725
24/02/2022,904
25/02/2022,1147
28/02/2022,1343
01/03/2022,1449
02/03/2022,1466
03/03/2022,1497
04/03/2022,1474
07/03/2022,1517
08/03/2022,1424
09/03/2022,1349
10/03/2022,1333
11/03/2022,1312
14/03/2022,1297
15/03/2022,1279
16/03/2022,1268
17/03/2022,1225
18/03/2022,1127
21/03/2022,1105
22/03/2022,1092
23/03/2022,1093
24/03/2022,1093
25/03/2022,1112
28/03/2022,1141
29/03/2022,1163
30/03/2022,1223
31/03/2022,1279
01/04/2022,1321
04/04/2022,1369
05/04/2022,1469
06/04/2022,1547
07/04/2022,1653
08/04/2022,1677
11/04/2022,1730
12/04/2022,1744
13/04/2022,1728
14/04/2022,1714
19/04/2022,1680
20/04/2022,1589
21/04/2022,1518
22/04/2022,1465
25/04/2022,1382
26/04/2022,1296
27/04/2022,1234
28/04/2022,1245
29/04/2022,1253
03/05/2022,1233
04/05/2022,1226
05/05/2022,1182
06/05/2022,1162
09/05/2022,1160
10/05/2022,1167
11/05/2022,1155
12/05/2022,1140
13/05/2022,1133
16/05/2022,1125
17/05/2022,1110
18/05/2022,1083
19/05/2022,1101
20/05/2022,1111
23/05/2022,1114
24/05/2022,1119
25/05/2022,1122
26/05/2022,1126
27/05/2022,1128
30/05/2022,1121
31/05/2022,1119
01/06/2022,1104
06/06/2022,1088
07/06/2022,1089
08/06/2022,1090
09/06/2022,1093
10/06/2022,1126
13/06/2022,1132
14/06/2022,1147
15/06/2022,1168
16/06/2022,1199
17/06/2022,1205
20/06/2022,1204
21/06/2022,1207
22/06/2022,1214
23/06/2022,1222
24/06/2022,1219
27/06/2022,1215
28/06/2022,1212
29/06/2022,1225
30/06/2022,1234
01/07/2022,1224
04/07/2022,1222
05/07/2022,1226
06/07/2022,1260
07/07/2022,1286
08/07/2022,1333
11/07/2022,1363
12/07/2022,1373
13/07/2022,1378
14/07/2022,1369
15/07/2022,1369
18/07/2022,1413
19/07/2022,1448
20/07/2022,1467
21/07/2022,1481
22/07/2022,1485
25/07/2022,1483
26/07/2022,1468
27/07/2022,1446
28/07/2022,1442
29/07/2022,1466
01/08/2022,1472
02/08/2022,1474
03/08/2022,1454
04/08/2022,1437
05/08/2022,1448
08/08/2022,1451
09/08/2022,1455
10/08/2022,1463
11/08/2022,1469
12/08/2022,1475
15/08/2022,1488
16/08/2022,1515
17/08/2022,1547
18/08/2022,1553
19/08/2022,1554
22/08/2022,1548
23/08/2022,1549
24/08/2022,1542
25/08/2022,1550
26/08/2022,1554
30/08/2022,1526
31/08/2022,1512
01/09/2022,1504
02/09/2022,1489
05/09/2022,1471
06/09/2022,1439
07/09/2022,1420
08/09/2022,1416
09/09/2022,1432
12/09/2022,1439
13/09/2022,1455
14/09/2022,1461
15/09/2022,1464
16/09/2022,1492
20/09/2022,1508
21/09/2022,1501
22/09/2022,1497
23/09/2022,1498
26/09/2022,1507
27/09/2022,1506
28/09/2022,1497
29/09/2022,1484
30/09/2022,1477
03/10/2022,1476
04/10/2022,1462
05/10/2022,1457
06/10/2022,1461
07/10/2022,1461
10/10/2022,1459
11/10/2022,1465
12/10/2022,1481
13/10/2022,1514
14/10/2022,1554
17/10/2022,1621
18/10/2022,1693
19/10/2022,1710
20/10/2022,1725
21/10/2022,1737
24/10/2022,1791
25/10/2022,1793
26/10/2022,1804
27/10/2022,1816
28/10/2022,1823
31/10/2022,1827
01/11/2022,1811
02/11/2022,1819
03/11/2022,1828
04/11/2022,1836
07/11/2022,1842
08/11/2022,1857
09/11/2022,1874
10/11/2022,1885
11/11/2022,1894
14/11/2022,1906
15/11/2022,1961
16/11/2022,2033
17/11/2022,2197
18/11/2022,2365
21/11/2022,2459
22/11/2022,2496
23/11/2022,2495
24/11/2022,2487
25/11/2022,2494
28/11/2022,2468
29/11/2022,2433
30/11/2022,2353
01/12/2022,2260
02/12/2022,2220
05/12/2022,2196
06/12/2022,2112
07/12/2022,2095
08/12/2022,2089
09/12/2022,2110
12/12/2022,2106
13/12/2022,2086
14/12/2022,2079
15/12/2022,2092
16/12/2022,2078
19/12/2022,2043
20/12/2022,1951
21/12/2022,1921
22/12/2022,1887
23/12/2022,1873
03/01/2023,1465
04/01/2023,1430
05/01/2023,1396
06/01/2023,1391
09/01/2023,1392
10/01/2023,1423
11/01/2023,1427
12/01/2023,1441
13/01/2023,1445
16/01/2023,1445
17/01/2023,1427
18/01/2023,1421
19/01/2023,1412
20/01/2023,1415
23/01/2023,1411
24/01/2023,1384
25/01/2023,1353
26/01/2023,1336
27/01/2023,1323
30/01/2023,1302
31/01/2023,1275
01/02/2023,1260
02/02/2023,1256
03/02/2023,1239
06/02/2023,1224
07/02/2023,1218
08/02/2023,1213
09/02/2023,1205
10/02/2023,1206
13/02/2023,1204
14/02/2023,1203
15/02/2023,1212
16/02/2023,1244
17/02/2023,1261
20/02/2023,1278
21/02/2023,1306
22/02/2023,1304
23/02/2023,1324
24/02/2023,1338
27/02/2023,1363
28/02/2023,1414
01/03/2023,1455
02/03/2023,1472
03/03/2023,1483
06/03/2023,1485
07/03/2023,1487
08/03/2023,1495
09/03/2023,1511
10/03/2023,1487
13/03/2023,1478
14/03/2023,1480
15/03/2023,1516
16/03/2023,1541
17/03/2023,1579
20/03/2023,1611
21/03/2023,1642
22/03/2023,1648
23/03/2023,1642
24/03/2023,1622
27/03/2023,1587
28/03/2023,1545
29/03/2023,1508
30/03/2023,1481
31/03/2023,1428
03/04/2023,1363
04/04/2023,1334
05/04/2023,1332
06/04/2023,1319
11/04/2023,1295
12/04/2023,1276
13/04/2023,1256
14/04/2023,1242
17/04/2023,1219
18/04/2023,1197
19/04/2023,1174
20/04/2023,1146
21/04/2023,1146
24/04/2023,1137
25/04/2023,1118
26/04/2023,1068
27/04/2023,1053
28/04/2023,1046
02/05/2023,1033
03/05/2023,1061
04/05/2023,1077
05/05/2023,1072
09/05/2023,1080
10/05/2023,1159
11/05/2023,1218
12/05/2023,1252
15/05/2023,1280
16/05/2023,1299
17/05/2023,1318
18/05/2023,1312
19/05/2023,1306
22/05/2023,1276
23/05/2023,1268
24/05/2023,1257
25/05/2023,1238
26/05/2023,1156
30/05/2023,1124
31/05/2023,1105
01/06/2023,1091
02/06/2023,1068
05/06/2023,1041
06/06/2023,1036
07/06/2023,1039
08/06/2023,1039
09/06/2023,1049
12/06/2023,1086
13/06/2023,1111
14/06/2023,1140
15/06/2023,1148
16/06/2023,1175
19/06/2023,1184
20/06/2023,1181
21/06/2023,1141
22/06/2023,1103
23/06/2023,1070
26/06/2023,1058
27/06/2023,1046
28/06/2023,1017
29/06/2023,1008
30/06/2023,1014
03/07/2023,1003
04/07/2023,988
05/07/2023,974
06/07/2023,945
07/07/2023,934
10/07/2023,925
11/07/2023,923
12/07/2023,921
13/07/2023,929
14/07/2023,959
17/07/2023,970
18/07/2023,975
19/07/2023,962
20/07/2023,947
21/07/2023,940
24/07/2023,929
25/07/2023,910
26/07/2023,899
27/07/2023,881
28/07/2023,873
31/07/2023,851
01/08/2023,840
02/08/2023,821
03/08/2023,810
04/08/2023,800
07/08/2023,798
08/08/2023,800
09/08/2023,799
10/08/2023,799
11/08/2023,802