Date,WTI
02/01/2002,21.01
03/01/2002,20.37
04/01/2002,21.62
07/01/2002,21.48
08/01/2002,21.25
09/01/2002,20.18
10/01/2002,20.38
11/01/2002,19.68
14/01/2002,18.89
15/01/2002,18.9
16/01/2002,18.86
17/01/2002,17.97
18/01/2002,18
22/01/2002,18.34
23/01/2002,19.5
24/01/2002,19.7
25/01/2002,19.99
28/01/2002,20.05
29/01/2002,19.58
30/01/2002,19.08
31/01/2002,19.48
01/02/2002,20.38
04/02/2002,20.07
05/02/2002,20.07
06/02/2002,19.78
07/02/2002,19.64
08/02/2002,20.26
11/02/2002,21.41
12/02/2002,20.73
13/02/2002,21.18
14/02/2002,21.23
15/02/2002,21.5
19/02/2002,20.88
20/02/2002,20.29
21/02/2002,20.95
22/02/2002,21.07
25/02/2002,20.48
26/02/2002,21.41
27/02/2002,21.29
28/02/2002,21.74
01/03/2002,22.4
04/03/2002,22.45
05/03/2002,23.17
06/03/2002,23.15
07/03/2002,23.71
08/03/2002,23.84
11/03/2002,24.31
12/03/2002,24.2
13/03/2002,24.16
14/03/2002,24.56
15/03/2002,24.51
18/03/2002,25.11
19/03/2002,24.88
20/03/2002,24.9
21/03/2002,25.61
22/03/2002,25.35
25/03/2002,24.99
26/03/2002,25.36
27/03/2002,25.87
28/03/2002,26.31
01/04/2002,26.88
02/04/2002,27.71
03/04/2002,27.56
04/04/2002,26.58
05/04/2002,26.21
08/04/2002,26.54
09/04/2002,25.82
10/04/2002,26.13
11/04/2002,24.99
12/04/2002,23.47
15/04/2002,24.57
16/04/2002,24.75
17/04/2002,25.94
18/04/2002,26.18
19/04/2002,26.38
22/04/2002,26.27
23/04/2002,26.62
24/04/2002,26.38
25/04/2002,26.73
26/04/2002,27.11
29/04/2002,27.57
30/04/2002,27.29
01/05/2002,26.75
02/05/2002,26.24
03/05/2002,26.62
06/05/2002,26.12
07/05/2002,26.63
08/05/2002,27.85
09/05/2002,27.68
10/05/2002,27.99
13/05/2002,28.38
14/05/2002,29.36
15/05/2002,28.15
16/05/2002,27.95
17/05/2002,28.18
20/05/2002,28.33
21/05/2002,27.33
22/05/2002,26.37
23/05/2002,26.15
24/05/2002,25.88
28/05/2002,25.27
29/05/2002,25.76
30/05/2002,24.67
31/05/2002,25.31
03/06/2002,25.08
04/06/2002,25.33
05/06/2002,24.89
06/06/2002,24.79
07/06/2002,24.75
10/06/2002,24.29
11/06/2002,24.12
12/06/2002,24.64
13/06/2002,25.64
14/06/2002,25.94
17/06/2002,26.09
18/06/2002,25.43
19/06/2002,25.31
20/06/2002,25.53
21/06/2002,25.82
24/06/2002,26.47
25/06/2002,26.32
26/06/2002,26.76
27/06/2002,26.86
28/06/2002,26.86
01/07/2002,26.81
02/07/2002,26.77
03/07/2002,26.8
08/07/2002,26.07
09/07/2002,26.09
10/07/2002,26.77
11/07/2002,26.83
12/07/2002,27.48
15/07/2002,27.07
16/07/2002,27.75
17/07/2002,27.88
18/07/2002,27.57
19/07/2002,27.83
22/07/2002,26.6
23/07/2002,26.31
24/07/2002,26.87
25/07/2002,26.77
26/07/2002,26.54
29/07/2002,26.55
30/07/2002,27.36
31/07/2002,27.02
01/08/2002,26.47
02/08/2002,26.84
05/08/2002,26.58
06/08/2002,27.17
07/08/2002,26.5
08/08/2002,26.67
09/08/2002,26.86
12/08/2002,27.86
13/08/2002,27.9
14/08/2002,28.15
15/08/2002,29.06
16/08/2002,29.33
19/08/2002,29.84
20/08/2002,30.11
21/08/2002,29.24
22/08/2002,28.84
23/08/2002,28.63
26/08/2002,29.28
27/08/2002,28.83
28/08/2002,28.34
29/08/2002,28.92
30/08/2002,28.98
03/09/2002,27.79
04/09/2002,28.27
05/09/2002,28.98
06/09/2002,29.61
09/09/2002,29.73
10/09/2002,29.73
11/09/2002,29.77
12/09/2002,28.85
13/09/2002,29.81
16/09/2002,29.67
17/09/2002,29.08
18/09/2002,29.48
19/09/2002,29.5
20/09/2002,29.61
23/09/2002,30.71
24/09/2002,30.77
25/09/2002,30.64
26/09/2002,30.41
27/09/2002,30.54
30/09/2002,30.45
01/10/2002,30.83
02/10/2002,30.49
03/10/2002,29.76
04/10/2002,29.62
07/10/2002,29.64
08/10/2002,29.48
09/10/2002,29.35
10/10/2002,28.97
11/10/2002,29.37
14/10/2002,30.03
15/10/2002,29.72
16/10/2002,29.47
17/10/2002,29.62
18/10/2002,29.6
21/10/2002,28.37
22/10/2002,27.92
23/10/2002,28.18
24/10/2002,28.2
25/10/2002,27.05
28/10/2002,27.29
29/10/2002,26.86
30/10/2002,26.81
31/10/2002,27.22
01/11/2002,27.13
04/11/2002,26.95
05/11/2002,26.14
06/11/2002,25.77
07/11/2002,25.38
08/11/2002,25.78
11/11/2002,25.94
12/11/2002,25.9
13/11/2002,25.19
14/11/2002,25.29
15/11/2002,25.51
18/11/2002,26.71
19/11/2002,26.42
20/11/2002,26.98
21/11/2002,26.35
22/11/2002,26.76
25/11/2002,26.11
26/11/2002,26.4
27/11/2002,26.89
02/12/2002,27.24
03/12/2002,27.3
04/12/2002,26.71
05/12/2002,27.29
06/12/2002,26.93
09/12/2002,27.2
10/12/2002,27.74
11/12/2002,27.4
12/12/2002,28.01
13/12/2002,28.44
16/12/2002,30.1
17/12/2002,30.1
18/12/2002,30.44
19/12/2002,30.56
20/12/2002,30.3
23/12/2002,31.75
24/12/2002,31.97
26/12/2002,32.49
27/12/2002,32.72
30/12/2002,31.37
31/12/2002,31.2
02/01/2003,31.85
03/01/2003,33.08
06/01/2003,32.1
07/01/2003,31.08
08/01/2003,30.56
09/01/2003,31.99
10/01/2003,31.68
13/01/2003,32.26
14/01/2003,32.37
15/01/2003,33.21
16/01/2003,33.66
17/01/2003,33.91
21/01/2003,34.61
22/01/2003,32.85
23/01/2003,32.25
24/01/2003,33.28
27/01/2003,32.29
28/01/2003,32.67
29/01/2003,33.63
30/01/2003,33.85
31/01/2003,33.51
03/02/2003,32.76
04/02/2003,33.58
05/02/2003,33.93
06/02/2003,34.16
07/02/2003,35.12
10/02/2003,34.48
11/02/2003,35.44
12/02/2003,35.77
13/02/2003,36.36
14/02/2003,36.8
18/02/2003,36.96
19/02/2003,37.16
20/02/2003,36.79
21/02/2003,35.58
24/02/2003,36.48
25/02/2003,36.06
26/02/2003,37.7
27/02/2003,37.2
28/02/2003,36.6
03/03/2003,35.88
04/03/2003,36.89
05/03/2003,36.69
06/03/2003,37
07/03/2003,37.78
10/03/2003,37.27
11/03/2003,36.72
12/03/2003,37.83
13/03/2003,36.01
14/03/2003,35.38
17/03/2003,34.93
18/03/2003,31.67
19/03/2003,29.88
20/03/2003,28.61
21/03/2003,26.91
24/03/2003,28.66
25/03/2003,27.97
26/03/2003,28.63
27/03/2003,30.37
28/03/2003,30.16
31/03/2003,31.04
01/04/2003,29.78
02/04/2003,28.56
03/04/2003,28.97
04/04/2003,28.62
07/04/2003,27.96
08/04/2003,28
09/04/2003,28.85
10/04/2003,27.46
11/04/2003,28.14
14/04/2003,28.63
15/04/2003,29.29
16/04/2003,29.18
17/04/2003,30.55
21/04/2003,30.87
22/04/2003,29.91
23/04/2003,26.65
24/04/2003,26.64
25/04/2003,26.26
28/04/2003,25.49
29/04/2003,25.24
30/04/2003,25.8
01/05/2003,26.03
02/05/2003,25.67
05/05/2003,26.49
06/05/2003,25.72
07/05/2003,26.23
08/05/2003,26.98
09/05/2003,27.72
12/05/2003,27.35
13/05/2003,28.5
14/05/2003,29.17
15/05/2003,28.74
16/05/2003,29.14
19/05/2003,28.83
20/05/2003,29.28
21/05/2003,29.03
22/05/2003,28.85
23/05/2003,29.16
27/05/2003,29.35
28/05/2003,28.58
29/05/2003,29.1
30/05/2003,29.56
02/06/2003,30.71
03/06/2003,30.67
04/06/2003,30.05
05/06/2003,30.74
06/06/2003,31.28
09/06/2003,31.45
10/06/2003,31.73
11/06/2003,32.36
12/06/2003,31.51
13/06/2003,30.65
16/06/2003,31.18
17/06/2003,31.07
18/06/2003,30.36
19/06/2003,29.96
20/06/2003,30.82
23/06/2003,29.17
24/06/2003,28.78
25/06/2003,29.95
26/06/2003,29.01
27/06/2003,29.27
30/06/2003,30.19
01/07/2003,30.4
02/07/2003,30.15
03/07/2003,30.42
07/07/2003,30.13
08/07/2003,30.22
09/07/2003,30.88
10/07/2003,31.06
11/07/2003,31.28
14/07/2003,31.27
15/07/2003,31.62
16/07/2003,31.05
17/07/2003,31.41
18/07/2003,31.96
21/07/2003,31.78
22/07/2003,30.19
23/07/2003,29.67
24/07/2003,30.22
25/07/2003,30.17
28/07/2003,30.11
29/07/2003,30.24
30/07/2003,30.68
31/07/2003,30.54
01/08/2003,32.31
04/08/2003,31.84
05/08/2003,32.22
06/08/2003,31.7
07/08/2003,32.39
08/08/2003,32.18
11/08/2003,32.01
12/08/2003,31.92
13/08/2003,30.78
14/08/2003,31.09
15/08/2003,31.05
18/08/2003,30.89
19/08/2003,30.7
20/08/2003,30.95
21/08/2003,31.88
22/08/2003,31.84
25/08/2003,31.56
26/08/2003,31.95
27/08/2003,31.21
28/08/2003,31.5
29/08/2003,31.57
02/09/2003,29.41
03/09/2003,29.49
04/09/2003,28.98
05/09/2003,28.88
08/09/2003,28.85
09/09/2003,29.18
10/09/2003,29.35
11/09/2003,28.82
12/09/2003,28.27
15/09/2003,28.14
16/09/2003,27.56
17/09/2003,27.03
18/09/2003,27.17
19/09/2003,27.03
22/09/2003,26.96
23/09/2003,27.13
24/09/2003,28.24
25/09/2003,28.29
26/09/2003,28.16
29/09/2003,28.4
30/09/2003,29.2
01/10/2003,29.39
02/10/2003,29.84
03/10/2003,30.4
06/10/2003,30.47
07/10/2003,30.41
08/10/2003,29.81
09/10/2003,31.01
10/10/2003,31.97
13/10/2003,31.95
14/10/2003,31.82
15/10/2003,31.77
16/10/2003,31.54
17/10/2003,30.68
20/10/2003,30.35
21/10/2003,30.18
22/10/2003,29.92
23/10/2003,30.3
24/10/2003,30.16
27/10/2003,29.92
28/10/2003,29.56
29/10/2003,28.91
30/10/2003,28.47
31/10/2003,29.11
03/11/2003,28.9
04/11/2003,28.75
05/11/2003,30.3
06/11/2003,30.26
07/11/2003,30.85
10/11/2003,30.88
11/11/2003,31.15
12/11/2003,31.33
13/11/2003,31.9
14/11/2003,32.37
17/11/2003,31.73
18/11/2003,33.28
19/11/2003,32.92
20/11/2003,32.86
21/11/2003,31.61
24/11/2003,29.74
25/11/2003,29.77
26/11/2003,30.41
01/12/2003,29.95
02/12/2003,30.78
03/12/2003,31.1
04/12/2003,31.26
05/12/2003,30.73
08/12/2003,32.1
09/12/2003,31.76
10/12/2003,31.88
11/12/2003,31.85
12/12/2003,33.04
15/12/2003,33.18
16/12/2003,32.89
17/12/2003,33.35
18/12/2003,33.71
19/12/2003,33.02
22/12/2003,31.87
23/12/2003,31.95
24/12/2003,32.86
29/12/2003,32.4
30/12/2003,32.79
31/12/2003,32.52
05/01/2004,33.78
06/01/2004,33.7
07/01/2004,33.62
08/01/2004,33.98
09/01/2004,34.31
12/01/2004,34.72
13/01/2004,34.43
14/01/2004,34.5
15/01/2004,33.44
16/01/2004,35.07
20/01/2004,36.2
21/01/2004,34.58
22/01/2004,34.93
23/01/2004,34.94
26/01/2004,34.47
27/01/2004,34.12
28/01/2004,33.62
29/01/2004,32.81
30/01/2004,33.05
02/02/2004,34.98
03/02/2004,34.1
04/02/2004,33.1
05/02/2004,33.08
06/02/2004,32.48
09/02/2004,32.83
10/02/2004,33.87
11/02/2004,34
12/02/2004,33.98
13/02/2004,34.56
17/02/2004,35.19
18/02/2004,35.45
19/02/2004,36
20/02/2004,35.6
23/02/2004,34.35
24/02/2004,34.58
25/02/2004,35.68
26/02/2004,35.51
27/02/2004,36.16
01/03/2004,36.86
02/03/2004,36.66
03/03/2004,35.8
04/03/2004,36.64
05/03/2004,37.26
08/03/2004,36.57
09/03/2004,36.28
10/03/2004,36.1
11/03/2004,36.78
12/03/2004,36.19
15/03/2004,37.44
16/03/2004,37.48
17/03/2004,38.18
18/03/2004,37.93
19/03/2004,38.08
22/03/2004,37.11
23/03/2004,37.45
24/03/2004,37.01
25/03/2004,35.51
26/03/2004,35.73
29/03/2004,35.45
30/03/2004,36.25
31/03/2004,35.76
01/04/2004,34.27
02/04/2004,34.39
05/04/2004,34.38
06/04/2004,34.97
07/04/2004,36.15
08/04/2004,37.14
12/04/2004,37.84
13/04/2004,37.21
14/04/2004,36.72
15/04/2004,37.57
16/04/2004,37.74
19/04/2004,37.42
20/04/2004,37.6
21/04/2004,35.73
22/04/2004,36.71
23/04/2004,36.46
26/04/2004,36.97
27/04/2004,37.53
28/04/2004,37.46
29/04/2004,37.31
30/04/2004,37.38
03/05/2004,38.21
04/05/2004,38.98
05/05/2004,39.57
06/05/2004,39.37
07/05/2004,39.93
10/05/2004,38.93
11/05/2004,40.06
12/05/2004,40.77
13/05/2004,41.08
14/05/2004,41.38
17/05/2004,41.55
18/05/2004,40.54
19/05/2004,41.5
20/05/2004,40.92
21/05/2004,39.93
24/05/2004,41.72
25/05/2004,41.14
26/05/2004,40.7
27/05/2004,39.44
28/05/2004,39.88
01/06/2004,42.33
02/06/2004,39.96
03/06/2004,39.28
04/06/2004,38.49
07/06/2004,38.66
08/06/2004,37.28
09/06/2004,37.54
10/06/2004,38.45
14/06/2004,37.59
15/06/2004,37.19
16/06/2004,37.32
17/06/2004,38.46
18/06/2004,38.75
21/06/2004,37.63
22/06/2004,38.11
23/06/2004,37.57
24/06/2004,37.93
25/06/2004,37.55
28/06/2004,36.24
29/06/2004,35.66
30/06/2004,37.05
01/07/2004,38.74
02/07/2004,38.39
06/07/2004,39.65
07/07/2004,39.08
08/07/2004,40.33
09/07/2004,39.96
12/07/2004,39.5
13/07/2004,39.44
14/07/2004,40.97
15/07/2004,40.77
16/07/2004,41.25
19/07/2004,41.64
20/07/2004,40.86
21/07/2004,40.58
22/07/2004,41.36
23/07/2004,41.71
26/07/2004,41.44
27/07/2004,41.84
28/07/2004,42.9
29/07/2004,42.75
30/07/2004,43.8
02/08/2004,43.82
03/08/2004,44.15
04/08/2004,42.83
05/08/2004,44.41
06/08/2004,43.95
09/08/2004,44.84
10/08/2004,44.52
11/08/2004,44.8
12/08/2004,45.5
13/08/2004,46.58
16/08/2004,46.05
17/08/2004,46.75
18/08/2004,47.27
19/08/2004,48.7
20/08/2004,47.86
23/08/2004,46.05
24/08/2004,45.21
25/08/2004,43.47
26/08/2004,43.1
27/08/2004,43.18
30/08/2004,42.28
31/08/2004,42.12
01/09/2004,44
02/09/2004,44.06
03/09/2004,43.99
07/09/2004,43.31
08/09/2004,42.77
09/09/2004,44.61
10/09/2004,42.81
13/09/2004,43.87
14/09/2004,44.39
15/09/2004,43.58
16/09/2004,43.88
17/09/2004,45.59
20/09/2004,46.35
21/09/2004,47.1
22/09/2004,48.35
23/09/2004,48.46
24/09/2004,48.88
27/09/2004,49.64
28/09/2004,49.9
29/09/2004,49.51
30/09/2004,49.64
01/10/2004,50.12
04/10/2004,49.91
05/10/2004,51.09
06/10/2004,52.02
07/10/2004,52.67
08/10/2004,53.31
11/10/2004,53.64
12/10/2004,52.51
13/10/2004,53.64
14/10/2004,54.76
15/10/2004,54.93
18/10/2004,53.67
19/10/2004,53.29
20/10/2004,54.92
21/10/2004,54.47
22/10/2004,55.17
25/10/2004,54.54
26/10/2004,55.17
27/10/2004,52.46
28/10/2004,50.92
29/10/2004,51.76
01/11/2004,50.13
02/11/2004,49.62
03/11/2004,50.88
04/11/2004,48.82
05/11/2004,49.61
08/11/2004,49.09
09/11/2004,47.37
10/11/2004,48.86
11/11/2004,47.42
12/11/2004,47.32
15/11/2004,46.87
16/11/2004,46.11
17/11/2004,46.84
18/11/2004,46.22
19/11/2004,48.44
22/11/2004,48.64
23/11/2004,48.94
24/11/2004,49.44
29/11/2004,49.76
30/11/2004,49.13
01/12/2004,45.49
02/12/2004,43.25
03/12/2004,42.54
06/12/2004,42.98
07/12/2004,41.46
08/12/2004,41.94
09/12/2004,42.53
10/12/2004,40.71
13/12/2004,41.01
14/12/2004,41.82
15/12/2004,44.19
16/12/2004,44.18
17/12/2004,46.28
20/12/2004,45.64
21/12/2004,45.76
22/12/2004,44.24
23/12/2004,44.18
27/12/2004,41.32
28/12/2004,41.77
29/12/2004,43.64
30/12/2004,43.45
03/01/2005,42.12
04/01/2005,43.91
05/01/2005,43.39
06/01/2005,45.56
07/01/2005,45.43
10/01/2005,45.33
11/01/2005,45.68
12/01/2005,46.37
13/01/2005,48.04
14/01/2005,48.38
18/01/2005,48.38
19/01/2005,47.55
20/01/2005,46.91
21/01/2005,48.53
24/01/2005,48.81
25/01/2005,49.64
26/01/2005,48.78
27/01/2005,48.84
28/01/2005,47.18
31/01/2005,48.2
01/02/2005,47.12
02/02/2005,46.69
03/02/2005,46.45
04/02/2005,46.48
07/02/2005,45.28
08/02/2005,45.4
09/02/2005,45.46
10/02/2005,47.1
11/02/2005,47.16
14/02/2005,47.44
15/02/2005,47.26
16/02/2005,48.33
17/02/2005,47.54
18/02/2005,48.35
22/02/2005,51.15
23/02/2005,51.17
24/02/2005,51.39
25/02/2005,51.49
28/02/2005,51.75
01/03/2005,51.68
02/03/2005,53.05
03/03/2005,53.57
04/03/2005,53.78
07/03/2005,53.89
08/03/2005,54.59
09/03/2005,54.77
10/03/2005,53.54
11/03/2005,54.43
14/03/2005,54.95
15/03/2005,55.05
16/03/2005,56.46
17/03/2005,56.4
18/03/2005,56.72
21/03/2005,56.62
22/03/2005,56.03
23/03/2005,53.81
24/03/2005,54.84
28/03/2005,54.05
29/03/2005,54.23
30/03/2005,53.99
31/03/2005,55.4
01/04/2005,57.27
04/04/2005,57.01
05/04/2005,56.04
06/04/2005,55.85
07/04/2005,54.11
08/04/2005,53.32
11/04/2005,53.71
12/04/2005,51.86
13/04/2005,50.22
14/04/2005,51.13
15/04/2005,50.49
18/04/2005,50.37
19/04/2005,52.29
20/04/2005,52.44
21/04/2005,54.2
22/04/2005,55.39
25/04/2005,54.57
26/04/2005,54.2
27/04/2005,51.61
28/04/2005,51.77
29/04/2005,49.72
02/05/2005,50.92
03/05/2005,49.5
04/05/2005,50.13
05/05/2005,50.83
06/05/2005,50.96
09/05/2005,52.03
10/05/2005,52.07
11/05/2005,50.45
12/05/2005,48.54
13/05/2005,48.67
16/05/2005,48.61
17/05/2005,48.97
18/05/2005,47.25
19/05/2005,46.92
20/05/2005,46.8
23/05/2005,49.16
24/05/2005,49.67
25/05/2005,50.98
26/05/2005,51.01
27/05/2005,51.85
31/05/2005,51.97
01/06/2005,54.6
02/06/2005,53.63
03/06/2005,55.03
06/06/2005,54.49
07/06/2005,53.76
08/06/2005,52.54
09/06/2005,54.28
10/06/2005,53.54
13/06/2005,55.62
14/06/2005,55
15/06/2005,55.57
16/06/2005,56.58
17/06/2005,58.47
20/06/2005,59.37
21/06/2005,58.9
22/06/2005,58.09
23/06/2005,59.42
24/06/2005,59.84
27/06/2005,60.54
28/06/2005,58.2
29/06/2005,57.26
30/06/2005,56.5
01/07/2005,58.75
05/07/2005,59.59
06/07/2005,61.28
07/07/2005,60.73
08/07/2005,59.63
11/07/2005,58.92
12/07/2005,60.62
13/07/2005,60.01
14/07/2005,57.8
15/07/2005,58.09
18/07/2005,57.32
19/07/2005,57.46
20/07/2005,56.72
21/07/2005,57.13
22/07/2005,58.65
25/07/2005,59
26/07/2005,59.2
27/07/2005,59.11
28/07/2005,59.94
29/07/2005,60.57
01/08/2005,61.57
02/08/2005,61.89
03/08/2005,60.86
04/08/2005,61.38
05/08/2005,62.31
08/08/2005,63.94
09/08/2005,63.07
10/08/2005,64.9
11/08/2005,65.8
12/08/2005,66.86
15/08/2005,66.27
16/08/2005,66.08
17/08/2005,63.25
18/08/2005,63.27
19/08/2005,65.35
22/08/2005,65.45
23/08/2005,65.71
24/08/2005,67.32
25/08/2005,67.49
26/08/2005,66.13
29/08/2005,67.2
30/08/2005,69.81
31/08/2005,68.94
01/09/2005,69.47
02/09/2005,67.57
06/09/2005,65.96
07/09/2005,64.37
08/09/2005,64.49
09/09/2005,64.08
12/09/2005,63.34
13/09/2005,63.11
14/09/2005,65.09
15/09/2005,64.75
16/09/2005,63
19/09/2005,67.39
20/09/2005,66.23
21/09/2005,66.8
22/09/2005,66.5
23/09/2005,64.19
26/09/2005,65.82
27/09/2005,65.07
28/09/2005,66.35
29/09/2005,66.79
30/09/2005,66.24
03/10/2005,65.47
04/10/2005,63.9
05/10/2005,62.79
06/10/2005,61.36
07/10/2005,61.84
10/10/2005,61.8
11/10/2005,63.53
12/10/2005,64.12
13/10/2005,63.08
14/10/2005,62.63
17/10/2005,64.36
18/10/2005,63.2
19/10/2005,62.41
20/10/2005,61.03
21/10/2005,60.63
24/10/2005,60.32
25/10/2005,62.44
26/10/2005,60.66
27/10/2005,61.09
28/10/2005,61.22
31/10/2005,59.76
01/11/2005,59.85
02/11/2005,59.75
03/11/2005,61.78
04/11/2005,60.58
07/11/2005,59.47
08/11/2005,59.71
09/11/2005,58.93
10/11/2005,57.8
11/11/2005,57.53
14/11/2005,57.69
15/11/2005,56.98
16/11/2005,57.88
17/11/2005,56.34
18/11/2005,56.14
21/11/2005,57.7
22/11/2005,58.84
23/11/2005,58.71
28/11/2005,57.36
29/11/2005,56.5
30/11/2005,57.32
01/12/2005,58.47
02/12/2005,59.32
05/12/2005,59.91
06/12/2005,59.94
07/12/2005,59.21
08/12/2005,60.66
09/12/2005,59.39
12/12/2005,61.3
13/12/2005,61.37
14/12/2005,60.85
15/12/2005,59.99
16/12/2005,58.06
19/12/2005,57.34
20/12/2005,57.98
21/12/2005,58.56
22/12/2005,58.28
23/12/2005,58.43
27/12/2005,58.16
28/12/2005,59.82
29/12/2005,60.32
30/12/2005,61.04
03/01/2006,63.14
04/01/2006,63.42
05/01/2006,62.79
06/01/2006,64.21
09/01/2006,63.5
10/01/2006,63.37
11/01/2006,63.94
12/01/2006,63.94
13/01/2006,63.92
17/01/2006,66.31
18/01/2006,65.73
19/01/2006,66.83
20/01/2006,68.35
23/01/2006,68.1
24/01/2006,67.06
25/01/2006,65.85
26/01/2006,66.26
27/01/2006,67.76
30/01/2006,68.35
31/01/2006,67.92
01/02/2006,66.56
02/02/2006,64.68
03/02/2006,65.37
06/02/2006,65.11
07/02/2006,63.09
08/02/2006,62.55
09/02/2006,62.62
10/02/2006,61.84
13/02/2006,61.24
14/02/2006,59.57
15/02/2006,57.65
16/02/2006,58.46
17/02/2006,59.88
21/02/2006,61.1
22/02/2006,61.01
23/02/2006,60.54
24/02/2006,62.91
27/02/2006,61
28/02/2006,61.41
01/03/2006,61.97
02/03/2006,63.36
03/03/2006,63.67
06/03/2006,62.41
07/03/2006,61.58
08/03/2006,60.02
09/03/2006,60.47
10/03/2006,59.96
13/03/2006,61.77
14/03/2006,63.1
15/03/2006,62.17
16/03/2006,63.58
17/03/2006,62.77
20/03/2006,60.42
21/03/2006,60.57
22/03/2006,61.77
23/03/2006,63.91
24/03/2006,64.26
27/03/2006,64.16
28/03/2006,66.07
29/03/2006,66.45
30/03/2006,67.15
31/03/2006,66.63
03/04/2006,66.74
04/04/2006,66.23
05/04/2006,67.07
06/04/2006,67.94
07/04/2006,67.39
10/04/2006,68.74
11/04/2006,68.98
12/04/2006,68.62
13/04/2006,69.32
17/04/2006,70.4
18/04/2006,71.35
19/04/2006,72.17
20/04/2006,71.95
21/04/2006,75.17
24/04/2006,73.33
25/04/2006,72.88
26/04/2006,71.93
27/04/2006,70.97
28/04/2006,71.88
01/05/2006,73.7
02/05/2006,74.61
03/05/2006,72.28
04/05/2006,69.94
05/05/2006,70.19
08/05/2006,69.77
09/05/2006,70.69
10/05/2006,72.13
11/05/2006,73.32
12/05/2006,72.04
15/05/2006,69.41
16/05/2006,69.53
17/05/2006,68.69
18/05/2006,69.45
19/05/2006,68.53
22/05/2006,69.23
23/05/2006,71.76
24/05/2006,69.86
25/05/2006,71.32
26/05/2006,71.37
30/05/2006,72.03
31/05/2006,71.29
01/06/2006,70.34
02/06/2006,72.33
05/06/2006,72.6
06/06/2006,72.5
07/06/2006,70.82
08/06/2006,70.35
09/06/2006,71.63
12/06/2006,70.36
13/06/2006,68.56
14/06/2006,69.14
15/06/2006,69.5
16/06/2006,69.88
19/06/2006,68.98
20/06/2006,68.94
21/06/2006,70.33
22/06/2006,70.84
23/06/2006,70.87
26/06/2006,71.8
27/06/2006,71.92
28/06/2006,72.19
29/06/2006,73.52
30/06/2006,73.93
03/07/2006,73.93
05/07/2006,75.19
06/07/2006,75.14
07/07/2006,74.09
10/07/2006,73.61
11/07/2006,74.16
12/07/2006,74.95
13/07/2006,76.7
14/07/2006,77.03
17/07/2006,75.3
18/07/2006,73.54
19/07/2006,72.66
20/07/2006,73.08
21/07/2006,74.43
24/07/2006,75.05
25/07/2006,73.75
26/07/2006,73.94
27/07/2006,74.54
28/07/2006,73.24
31/07/2006,74.4
01/08/2006,74.91
02/08/2006,75.81
03/08/2006,75.46
04/08/2006,74.76
07/08/2006,76.98
08/08/2006,76.31
09/08/2006,76.35
10/08/2006,74
11/08/2006,74.35
14/08/2006,73.53
15/08/2006,73.05
16/08/2006,71.89
17/08/2006,70.06
18/08/2006,71.14
21/08/2006,72.45
22/08/2006,72.63
23/08/2006,71.76
24/08/2006,72.36
25/08/2006,72.51
28/08/2006,70.61
29/08/2006,69.71
30/08/2006,70.03
31/08/2006,70.26
01/09/2006,69.19
05/09/2006,68.6
06/09/2006,67.5
07/09/2006,67.32
08/09/2006,66.25
11/09/2006,65.61
12/09/2006,63.76
13/09/2006,63.97
14/09/2006,63.22
15/09/2006,63.33
18/09/2006,63.8
19/09/2006,61.66
20/09/2006,60.46
21/09/2006,61.59
22/09/2006,60.55
25/09/2006,61.45
26/09/2006,61.01
27/09/2006,62.96
28/09/2006,62.76
29/09/2006,62.91
02/10/2006,61.03
03/10/2006,58.68
04/10/2006,59.41
05/10/2006,60.03
06/10/2006,59.76
09/10/2006,59.96
10/10/2006,58.52
11/10/2006,57.59
12/10/2006,57.86
13/10/2006,58.57
16/10/2006,59.94
17/10/2006,58.93
18/10/2006,57.65
19/10/2006,58.5
20/10/2006,56.82
23/10/2006,58.81
24/10/2006,59.35
25/10/2006,61.4
26/10/2006,60.36
27/10/2006,60.75
30/10/2006,58.36
31/10/2006,58.73
01/11/2006,58.71
02/11/2006,57.88
03/11/2006,59.14
06/11/2006,60.02
07/11/2006,58.93
08/11/2006,59.83
09/11/2006,61.16
10/11/2006,59.59
13/11/2006,58.58
14/11/2006,58.28
15/11/2006,58.76
16/11/2006,56.26
17/11/2006,55.81
20/11/2006,58.8
21/11/2006,60.17
22/11/2006,59.24
24/11/2006,59.24
27/11/2006,60.32
28/11/2006,60.99
29/11/2006,62.46
30/11/2006,63.13
01/12/2006,63.43
04/12/2006,62.44
05/12/2006,62.43
06/12/2006,62.19
07/12/2006,62.49
08/12/2006,62.03
11/12/2006,61.22
12/12/2006,61.02
13/12/2006,61.37
14/12/2006,62.51
15/12/2006,63.43
18/12/2006,62.21
19/12/2006,63.15
20/12/2006,63.72
21/12/2006,62.66
22/12/2006,62.41
26/12/2006,61.1
27/12/2006,60.34
28/12/2006,60.53
29/12/2006,61.05
02/01/2007,61.05
03/01/2007,58.32
04/01/2007,55.59
05/01/2007,56.31
08/01/2007,56.09
09/01/2007,55.64
10/01/2007,54.02
11/01/2007,51.88
12/01/2007,52.99
16/01/2007,51.21
17/01/2007,52.24
18/01/2007,50.48
19/01/2007,51.99
22/01/2007,51.13
23/01/2007,55.04
24/01/2007,55.37
25/01/2007,54.23
26/01/2007,55.42
29/01/2007,54.01
30/01/2007,56.97
31/01/2007,58.14
01/02/2007,57.3
02/02/2007,59.02
05/02/2007,58.74
06/02/2007,58.88
07/02/2007,57.71
08/02/2007,59.71
09/02/2007,59.89
12/02/2007,57.81
13/02/2007,59.06
14/02/2007,58
15/02/2007,57.99
16/02/2007,59.39
20/02/2007,58.07
21/02/2007,60.07
22/02/2007,60.95
23/02/2007,61.14
26/02/2007,61.39
27/02/2007,61.46
28/02/2007,61.79
01/03/2007,62
02/03/2007,61.64
05/03/2007,60.07
06/03/2007,60.69
07/03/2007,61.82
08/03/2007,61.64
09/03/2007,60.05
12/03/2007,58.91
13/03/2007,57.93
14/03/2007,58.16
15/03/2007,57.55
16/03/2007,57.11
19/03/2007,56.59
20/03/2007,56.73
21/03/2007,59.61
22/03/2007,61.69
23/03/2007,62.28
26/03/2007,62.91
27/03/2007,62.93
28/03/2007,64.08
29/03/2007,66.03
30/03/2007,65.87
02/04/2007,65.94
03/04/2007,64.64
04/04/2007,64.38
05/04/2007,64.28
09/04/2007,61.51
10/04/2007,61.89
11/04/2007,62.01
12/04/2007,63.85
13/04/2007,63.63
16/04/2007,63.61
17/04/2007,63.1
18/04/2007,63.13
19/04/2007,61.83
20/04/2007,63.38
23/04/2007,65.89
24/04/2007,64.58
25/04/2007,65.84
26/04/2007,65.06
27/04/2007,66.46
30/04/2007,65.71
01/05/2007,64.4
02/05/2007,63.68
03/05/2007,63.19
04/05/2007,61.93
07/05/2007,61.47
08/05/2007,62.26
09/05/2007,61.55
10/05/2007,61.81
11/05/2007,62.37
14/05/2007,62.46
15/05/2007,63.17
16/05/2007,62.55
17/05/2007,64.86
18/05/2007,64.94
21/05/2007,66.27
22/05/2007,64.97
23/05/2007,65.77
24/05/2007,64.18
25/05/2007,65.2
29/05/2007,63.15
30/05/2007,63.49
31/05/2007,64.01
01/06/2007,65.08
04/06/2007,66.21
05/06/2007,65.61
06/06/2007,65.96
07/06/2007,66.93
08/06/2007,64.76
11/06/2007,65.97
12/06/2007,65.35
13/06/2007,66.26
14/06/2007,67.65
15/06/2007,68
18/06/2007,69.09
19/06/2007,69.1
20/06/2007,68.19
21/06/2007,68.65
22/06/2007,69.14
25/06/2007,69.18
26/06/2007,67.77
27/06/2007,68.97
28/06/2007,69.57
29/06/2007,70.68
02/07/2007,71.09
03/07/2007,71.41
05/07/2007,71.81
06/07/2007,72.81
09/07/2007,72.19
10/07/2007,72.81
11/07/2007,72.56
12/07/2007,72.5
13/07/2007,73.93
16/07/2007,74.15
17/07/2007,74.02
18/07/2007,75.05
19/07/2007,75.92
20/07/2007,75.57
23/07/2007,74.89
24/07/2007,73.56
25/07/2007,75.88
26/07/2007,74.95
27/07/2007,77.02
30/07/2007,76.83
31/07/2007,78.21
01/08/2007,76.53
02/08/2007,76.86
03/08/2007,75.48
06/08/2007,72.06
07/08/2007,72.42
08/08/2007,72.15
09/08/2007,71.59
10/08/2007,71.47
13/08/2007,71.62
14/08/2007,72.38
15/08/2007,73.33
16/08/2007,71
17/08/2007,71.98
20/08/2007,71.12
21/08/2007,69.47
22/08/2007,69.26
23/08/2007,69.83
24/08/2007,71.09
27/08/2007,71.97
28/08/2007,71.73
29/08/2007,73.51
30/08/2007,73.36
31/08/2007,74.04
04/09/2007,75.08
05/09/2007,75.73
06/09/2007,76.3
07/09/2007,76.7
10/09/2007,77.49
11/09/2007,78.23
12/09/2007,79.91
13/09/2007,80.09
14/09/2007,79.1
17/09/2007,80.57
18/09/2007,81.51
19/09/2007,81.93
20/09/2007,83.32
21/09/2007,81.62
24/09/2007,80.95
25/09/2007,79.53
26/09/2007,80.3
27/09/2007,82.88
28/09/2007,81.66
01/10/2007,80.24
02/10/2007,80.05
03/10/2007,79.94
04/10/2007,81.44
05/10/2007,81.22
08/10/2007,79.02
09/10/2007,80.26
10/10/2007,81.3
11/10/2007,83.08
12/10/2007,83.69
15/10/2007,86.13
16/10/2007,87.61
17/10/2007,87.4
18/10/2007,89.47
19/10/2007,88.6
22/10/2007,87.56
23/10/2007,85.27
24/10/2007,87.1
25/10/2007,90.46
26/10/2007,91.86
29/10/2007,93.53
30/10/2007,90.38
31/10/2007,94.53
01/11/2007,93.49
02/11/2007,95.93
05/11/2007,93.98
06/11/2007,96.7
07/11/2007,96.37
08/11/2007,95.46
09/11/2007,96.32
12/11/2007,94.62
13/11/2007,91.17
14/11/2007,94.09
15/11/2007,93.43
16/11/2007,95.1
19/11/2007,94.64
20/11/2007,98.03
21/11/2007,97.29
23/11/2007,98.18
26/11/2007,97.7
27/11/2007,94.42
28/11/2007,90.62
29/11/2007,91.01
30/11/2007,88.71
03/12/2007,89.31
04/12/2007,88.32
05/12/2007,87.49
06/12/2007,90.23
07/12/2007,88.28
10/12/2007,87.86
11/12/2007,90.02
12/12/2007,94.39
13/12/2007,92.25
14/12/2007,91.27
17/12/2007,90.63
18/12/2007,90.49
19/12/2007,91.24
20/12/2007,91.06
21/12/2007,93.31
24/12/2007,94.13
26/12/2007,95.97
27/12/2007,96.62
28/12/2007,96
31/12/2007,95.98
02/01/2008,99.62
03/01/2008,99.18
04/01/2008,97.91
07/01/2008,95.09
08/01/2008,96.33
09/01/2008,95.67
10/01/2008,93.71
11/01/2008,92.69
14/01/2008,94.2
15/01/2008,91.9
16/01/2008,90.84
17/01/2008,90.13
18/01/2008,90.57
22/01/2008,89.85
23/01/2008,86.99
24/01/2008,89.41
25/01/2008,90.71
28/01/2008,90.99
29/01/2008,91.64
30/01/2008,92.33
31/01/2008,91.75
01/02/2008,88.96
04/02/2008,90.02
05/02/2008,88.41
06/02/2008,87.14
07/02/2008,88.11
08/02/2008,91.77
11/02/2008,93.59
12/02/2008,92.78
13/02/2008,93.27
14/02/2008,95.46
15/02/2008,95.5
19/02/2008,100.01
20/02/2008,100.74
21/02/2008,98.23
22/02/2008,98.81
25/02/2008,99.23
26/02/2008,100.88
27/02/2008,99.64
28/02/2008,102.59
29/02/2008,101.84
03/03/2008,102.45
04/03/2008,99.52
05/03/2008,104.52
06/03/2008,105.47
07/03/2008,105.15
10/03/2008,107.9
11/03/2008,108.75
12/03/2008,109.92
13/03/2008,110.33
14/03/2008,110.21
17/03/2008,105.68
18/03/2008,109.42
19/03/2008,104.48
20/03/2008,101.84
24/03/2008,100.86
25/03/2008,101.22
26/03/2008,105.9
27/03/2008,107.58
28/03/2008,105.62
31/03/2008,101.58
01/04/2008,100.98
02/04/2008,104.83
03/04/2008,103.83
04/04/2008,106.23
07/04/2008,109.09
08/04/2008,108.5
09/04/2008,110.87
10/04/2008,110.11
11/04/2008,110.14
14/04/2008,111.76
15/04/2008,113.79
16/04/2008,114.93
17/04/2008,114.86
18/04/2008,116.69
21/04/2008,117.48
22/04/2008,119.37
23/04/2008,118.3
24/04/2008,116.06
25/04/2008,118.52
28/04/2008,118.75
29/04/2008,115.63
30/04/2008,113.46
01/05/2008,112.52
02/05/2008,116.32
05/05/2008,119.97
06/05/2008,121.84
07/05/2008,123.53
08/05/2008,123.69
09/05/2008,125.96
12/05/2008,124.23
13/05/2008,125.8
14/05/2008,124.22
15/05/2008,124.12
16/05/2008,126.29
19/05/2008,127.05
20/05/2008,129.07
21/05/2008,133.17
22/05/2008,130.81
23/05/2008,132.19
27/05/2008,128.85
28/05/2008,131.03
29/05/2008,126.62
30/05/2008,127.35
02/06/2008,127.76
03/06/2008,124.31
04/06/2008,122.3
05/06/2008,127.79
06/06/2008,138.54
09/06/2008,134.35
10/06/2008,131.31
11/06/2008,136.38
12/06/2008,136.74
13/06/2008,134.86
16/06/2008,134.61
17/06/2008,134.01
18/06/2008,136.68
19/06/2008,131.93
20/06/2008,134.62
23/06/2008,136.74
24/06/2008,137
25/06/2008,134.55
26/06/2008,139.64
27/06/2008,140.21
30/06/2008,140
01/07/2008,140.97
02/07/2008,143.57
03/07/2008,145.29
07/07/2008,141.37
08/07/2008,136.04
09/07/2008,136.05
10/07/2008,141.65
11/07/2008,145.08
14/07/2008,145.18
15/07/2008,138.74
16/07/2008,134.6
17/07/2008,129.29
18/07/2008,128.88
21/07/2008,131.04
22/07/2008,127.95
23/07/2008,124.44
24/07/2008,125.49
25/07/2008,123.26
28/07/2008,124.73
29/07/2008,122.19
30/07/2008,126.77
31/07/2008,124.08
01/08/2008,125.1
04/08/2008,121.41
05/08/2008,119.17
06/08/2008,118.58
07/08/2008,120.02
08/08/2008,115.2
11/08/2008,114.45
12/08/2008,113.01
13/08/2008,116
14/08/2008,115.01
15/08/2008,113.77
18/08/2008,112.87
19/08/2008,114.53
20/08/2008,114.98
21/08/2008,121.18
22/08/2008,114.59
25/08/2008,115.11
26/08/2008,116.27
27/08/2008,118.15
28/08/2008,115.59
29/08/2008,115.46
02/09/2008,109.71
03/09/2008,109.35
04/09/2008,107.89
05/09/2008,106.23
08/09/2008,106.34
09/09/2008,103.26
10/09/2008,102.58
11/09/2008,100.87
12/09/2008,101.18
15/09/2008,95.71
16/09/2008,91.15
17/09/2008,97.16
18/09/2008,97.88
19/09/2008,104.55
22/09/2008,120.92
23/09/2008,106.61
24/09/2008,105.73
25/09/2008,108.02
26/09/2008,106.89
29/09/2008,96.37
30/09/2008,100.64
01/10/2008,98.53
02/10/2008,93.97
03/10/2008,93.88
06/10/2008,87.81
07/10/2008,90.06
08/10/2008,88.95
09/10/2008,86.59
10/10/2008,77.7
13/10/2008,81.19
14/10/2008,78.63
15/10/2008,74.54
16/10/2008,69.85
17/10/2008,71.85
20/10/2008,74.25
21/10/2008,70.89
22/10/2008,66.75
23/10/2008,67.84
24/10/2008,64.15
27/10/2008,63.22
28/10/2008,62.73
29/10/2008,67.5
30/10/2008,65.96
31/10/2008,67.81
03/11/2008,63.91
04/11/2008,70.53
05/11/2008,65.3
06/11/2008,60.77
07/11/2008,61.04
10/11/2008,62.41
11/11/2008,59.33
12/11/2008,56.16
13/11/2008,58.24
14/11/2008,57.04
17/11/2008,54.95
18/11/2008,54.39
19/11/2008,53.62
20/11/2008,49.62
21/11/2008,49.93
24/11/2008,54.5
25/11/2008,50.77
26/11/2008,54.44
28/11/2008,54.43
01/12/2008,49.28
02/12/2008,46.96
03/12/2008,46.79
04/12/2008,43.67
05/12/2008,40.81
08/12/2008,43.71
09/12/2008,42.07
10/12/2008,43.52
11/12/2008,47.98
12/12/2008,46.28
15/12/2008,44.51
16/12/2008,43.6
17/12/2008,40.06
18/12/2008,36.22
19/12/2008,33.87
22/12/2008,39.91
23/12/2008,38.98
24/12/2008,35.35
26/12/2008,37.71
29/12/2008,40.02
30/12/2008,39.03
31/12/2008,44.6
02/01/2009,46.34
05/01/2009,48.81
06/01/2009,48.58
07/01/2009,42.63
08/01/2009,41.7
09/01/2009,40.83
12/01/2009,37.59
13/01/2009,37.78
14/01/2009,37.28
15/01/2009,35.4
16/01/2009,36.51
20/01/2009,38.74
21/01/2009,43.55
22/01/2009,43.67
23/01/2009,46.47
26/01/2009,45.73
27/01/2009,41.58
28/01/2009,42.16
29/01/2009,41.44
30/01/2009,41.68
02/02/2009,40.08
03/02/2009,40.78
04/02/2009,40.32
05/02/2009,41.17
06/02/2009,40.17
09/02/2009,39.56
10/02/2009,37.55
11/02/2009,35.94
12/02/2009,33.98
13/02/2009,37.51
17/02/2009,34.93
18/02/2009,34.62
19/02/2009,39.48
20/02/2009,38.94
23/02/2009,38.44
24/02/2009,39.96
25/02/2009,42.5
26/02/2009,45.22
27/02/2009,44.76
02/03/2009,40.15
03/03/2009,41.65
04/03/2009,45.38
05/03/2009,43.61
06/03/2009,45.52
09/03/2009,47.07
10/03/2009,45.71
11/03/2009,42.33
12/03/2009,47.03
13/03/2009,46.25
16/03/2009,47.35
17/03/2009,49.16
18/03/2009,48.14
19/03/2009,51.61
20/03/2009,51.06
23/03/2009,53.8
24/03/2009,53.98
25/03/2009,52.77
26/03/2009,54.34
27/03/2009,52.38
30/03/2009,48.41
31/03/2009,49.66
01/04/2009,48.39
02/04/2009,52.64
03/04/2009,52.51
06/04/2009,51.05
07/04/2009,49.15
08/04/2009,49.38
09/04/2009,52.24
13/04/2009,50.05
14/04/2009,49.41
15/04/2009,49.25
16/04/2009,49.98
17/04/2009,50.33
20/04/2009,45.88
21/04/2009,46.51
22/04/2009,48.85
23/04/2009,49.62
24/04/2009,51.55
27/04/2009,50.14
28/04/2009,49.92
29/04/2009,50.97
30/04/2009,51.12
01/05/2009,53.2
04/05/2009,54.47
05/05/2009,53.84
06/05/2009,56.34
07/05/2009,56.71
08/05/2009,58.63
11/05/2009,58.5
12/05/2009,58.85
13/05/2009,58.02
14/05/2009,58.62
15/05/2009,56.34
18/05/2009,59.03
19/05/2009,59.65
20/05/2009,62.04
21/05/2009,61.05
22/05/2009,61.67
26/05/2009,62.45
27/05/2009,63.45
28/05/2009,65.08
29/05/2009,66.31
01/06/2009,68.58
02/06/2009,68.55
03/06/2009,66.12
04/06/2009,68.81
05/06/2009,68.44
08/06/2009,68.09
09/06/2009,70.01
10/06/2009,71.33
11/06/2009,72.68
12/06/2009,72.04
15/06/2009,70.62
16/06/2009,70.47
17/06/2009,71.03
18/06/2009,71.37
19/06/2009,69.55
22/06/2009,66.93
23/06/2009,69.24
24/06/2009,68.67
25/06/2009,70.23
26/06/2009,69.16
29/06/2009,71.49
30/06/2009,69.89
01/07/2009,69.31
02/07/2009,66.73
06/07/2009,64.05
07/07/2009,62.93
08/07/2009,60.14
09/07/2009,60.41
10/07/2009,59.89
13/07/2009,59.69
14/07/2009,59.52
15/07/2009,61.54
16/07/2009,62.02
17/07/2009,63.56
20/07/2009,63.98
21/07/2009,64.72
22/07/2009,65.4
23/07/2009,67.16
24/07/2009,68.05
27/07/2009,68.38
28/07/2009,67.23
29/07/2009,63.35
30/07/2009,66.94
31/07/2009,69.45
03/08/2009,71.58
04/08/2009,71.42
05/08/2009,71.97
06/08/2009,71.94
07/08/2009,70.93
10/08/2009,70.6
11/08/2009,69.45
12/08/2009,70.16
13/08/2009,70.52
14/08/2009,67.51
17/08/2009,66.75
18/08/2009,69.19
19/08/2009,72.42
20/08/2009,72.54
21/08/2009,73.89
24/08/2009,74.37
25/08/2009,72.05
26/08/2009,71.43
27/08/2009,72.49
28/08/2009,72.74
31/08/2009,69.96
01/09/2009,68.05
02/09/2009,68.05
03/09/2009,67.96
04/09/2009,68.02
08/09/2009,71.1
09/09/2009,71.31
10/09/2009,71.94
11/09/2009,69.29
14/09/2009,68.86
15/09/2009,70.93
16/09/2009,72.51
17/09/2009,72.47
18/09/2009,72.04
21/09/2009,69.71
22/09/2009,71.55
23/09/2009,68.97
24/09/2009,65.89
25/09/2009,66.02
28/09/2009,66.84
29/09/2009,66.71
30/09/2009,70.61
01/10/2009,70.82
02/10/2009,69.95
05/10/2009,70.41
06/10/2009,70.88
07/10/2009,69.57
08/10/2009,71.69
09/10/2009,71.77
12/10/2009,73.27
13/10/2009,74.15
14/10/2009,75.18
15/10/2009,77.58
16/10/2009,78.53
19/10/2009,79.61
20/10/2009,79.09
21/10/2009,81.37
22/10/2009,81.19
23/10/2009,80.5
26/10/2009,78.68
27/10/2009,79.55
28/10/2009,77.46
29/10/2009,79.87
30/10/2009,77
02/11/2009,78.13
03/11/2009,79.6
04/11/2009,80.4
05/11/2009,79.62
06/11/2009,77.43
09/11/2009,79.43
10/11/2009,79.05
11/11/2009,79.28
12/11/2009,76.94
13/11/2009,76.35
16/11/2009,78.9
17/11/2009,79.14
18/11/2009,79.58
19/11/2009,77.46
20/11/2009,76.72
23/11/2009,77.56
24/11/2009,76.02
25/11/2009,77.96
27/11/2009,76.05
30/11/2009,77.28
01/12/2009,78.37
02/12/2009,76.6
03/12/2009,76.46
04/12/2009,75.47
07/12/2009,73.93
08/12/2009,72.62
09/12/2009,70.67
10/12/2009,70.54
11/12/2009,69.87
14/12/2009,69.51
15/12/2009,70.69
16/12/2009,72.66
17/12/2009,72.65
18/12/2009,73.36
21/12/2009,72.47
22/12/2009,74.4
23/12/2009,76.67
24/12/2009,78.05
28/12/2009,78.77
29/12/2009,78.87
30/12/2009,79.28
31/12/2009,79.36
04/01/2010,81.51
05/01/2010,81.77
06/01/2010,83.18
07/01/2010,82.66
08/01/2010,82.75
11/01/2010,82.52
12/01/2010,80.79
13/01/2010,79.65
14/01/2010,79.39
15/01/2010,78
19/01/2010,79.02
20/01/2010,77.62
21/01/2010,76.08
22/01/2010,74.54
25/01/2010,75.26
26/01/2010,74.71
27/01/2010,73.67
28/01/2010,73.64
29/01/2010,72.89
01/02/2010,74.43
02/02/2010,77.23
03/02/2010,76.98
04/02/2010,73.14
05/02/2010,71.19
08/02/2010,71.89
09/02/2010,73.75
10/02/2010,74.52
11/02/2010,75.28
12/02/2010,74.13
16/02/2010,77.01
17/02/2010,77.33
18/02/2010,79.06
19/02/2010,79.81
22/02/2010,80.16
23/02/2010,78.86
24/02/2010,80
25/02/2010,78.17
26/02/2010,79.66
01/03/2010,78.7
02/03/2010,79.68
03/03/2010,80.87
04/03/2010,80.21
05/03/2010,81.5
08/03/2010,81.87
09/03/2010,81.49
10/03/2010,82.09
11/03/2010,82.11
12/03/2010,81.24
15/03/2010,79.8
16/03/2010,81.7
17/03/2010,82.93
18/03/2010,82.2
19/03/2010,80.68
22/03/2010,81.25
23/03/2010,81.91
24/03/2010,80.61
25/03/2010,80.53
26/03/2010,80
29/03/2010,82.17
30/03/2010,82.37
31/03/2010,83.76
01/04/2010,84.87
05/04/2010,86.62
06/04/2010,86.84
07/04/2010,85.88
08/04/2010,85.39
09/04/2010,84.92
12/04/2010,84.34
13/04/2010,84.05
14/04/2010,85.84
15/04/2010,85.51
16/04/2010,83.24
19/04/2010,81.45
20/04/2010,83.45
21/04/2010,83.68
22/04/2010,83.7
23/04/2010,85.12
26/04/2010,84.2
27/04/2010,82.44
28/04/2010,83.22
29/04/2010,85.17
30/04/2010,86.15
03/05/2010,86.19
04/05/2010,82.74
05/05/2010,79.97
06/05/2010,77.11
07/05/2010,75.11
10/05/2010,76.8
11/05/2010,76.37
12/05/2010,75.65
13/05/2010,74.4
14/05/2010,71.61
17/05/2010,70.08
18/05/2010,69.41
19/05/2010,69.87
20/05/2010,68.01
21/05/2010,70.04
24/05/2010,70.21
25/05/2010,68.75
26/05/2010,71.51
27/05/2010,74.55
28/05/2010,73.97
01/06/2010,72.58
02/06/2010,72.86
03/06/2010,74.61
04/06/2010,71.51
07/06/2010,71.44
08/06/2010,71.99
09/06/2010,74.38
10/06/2010,75.48
11/06/2010,73.78
14/06/2010,75.12
15/06/2010,76.94
16/06/2010,77.67
17/06/2010,76.79
18/06/2010,77.18
21/06/2010,77.82
22/06/2010,77.21
23/06/2010,76.35
24/06/2010,76.51
25/06/2010,78.86
28/06/2010,78.25
29/06/2010,75.94
30/06/2010,75.63
01/07/2010,72.95
02/07/2010,72.14
06/07/2010,71.98
07/07/2010,74.07
08/07/2010,75.44
09/07/2010,76.09
12/07/2010,74.95
13/07/2010,77.15
14/07/2010,77.04
15/07/2010,76.62
16/07/2010,76.01
19/07/2010,76.54
20/07/2010,77.44
21/07/2010,76.56
22/07/2010,79.3
23/07/2010,78.98
26/07/2010,78.98
27/07/2010,77.5
28/07/2010,76.99
29/07/2010,78.36
30/07/2010,78.95
02/08/2010,81.34
03/08/2010,82.55
04/08/2010,82.47
05/08/2010,82.01
06/08/2010,80.7
09/08/2010,81.48
10/08/2010,80.25
11/08/2010,78.02
12/08/2010,75.74
13/08/2010,75.39
16/08/2010,75.24
17/08/2010,75.77
18/08/2010,75.42
19/08/2010,74.43
20/08/2010,73.46
23/08/2010,73.1
24/08/2010,71.63
25/08/2010,72.52
26/08/2010,73.36
27/08/2010,75.17
30/08/2010,74.7
31/08/2010,71.92
01/09/2010,73.91
02/09/2010,75.02
03/09/2010,74.6
07/09/2010,74.09
08/09/2010,74.67
09/09/2010,74.25
10/09/2010,76.45
13/09/2010,77.19
14/09/2010,76.8
15/09/2010,76.02
16/09/2010,74.57
17/09/2010,73.66
20/09/2010,74.86
21/09/2010,73.52
22/09/2010,74.71
23/09/2010,75.18
24/09/2010,76.49
27/09/2010,76.52
28/09/2010,76.18
29/09/2010,77.86
30/09/2010,79.97
01/10/2010,81.58
04/10/2010,81.47
05/10/2010,82.82
06/10/2010,83.23
07/10/2010,81.67
08/10/2010,82.66
11/10/2010,82.21
12/10/2010,81.67
13/10/2010,83.01
14/10/2010,82.69
15/10/2010,81.25
18/10/2010,83.08
19/10/2010,79.49
20/10/2010,81.77
21/10/2010,80.56
22/10/2010,81.69
25/10/2010,82.52
26/10/2010,82.55
27/10/2010,81.94
28/10/2010,82.18
29/10/2010,81.43
01/11/2010,82.95
02/11/2010,83.9
03/11/2010,84.69
04/11/2010,86.49
05/11/2010,86.85
08/11/2010,87.06
09/11/2010,86.72
10/11/2010,87.81
11/11/2010,87.81
12/11/2010,84.88
15/11/2010,84.86
16/11/2010,82.34
17/11/2010,80.44
18/11/2010,81.85
19/11/2010,81.51
22/11/2010,81.74
23/11/2010,81.25
24/11/2010,83.86
26/11/2010,83.76
29/11/2010,85.73
30/11/2010,84.11
01/12/2010,86.75
02/12/2010,88
03/12/2010,89.19
06/12/2010,89.38
07/12/2010,88.69
08/12/2010,88.28
09/12/2010,88.37
10/12/2010,87.79
13/12/2010,88.61
14/12/2010,88.28
15/12/2010,88.62
16/12/2010,87.7
17/12/2010,88.02
20/12/2010,88.81
21/12/2010,89.82
22/12/2010,90.48
23/12/2010,91.51
27/12/2010,91
28/12/2010,91.49
29/12/2010,91.12
30/12/2010,89.84
31/12/2010,91.38
03/01/2011,91.55
04/01/2011,89.38
05/01/2011,90.3
06/01/2011,88.38
07/01/2011,88.03
10/01/2011,89.25
11/01/2011,91.11
12/01/2011,91.86
13/01/2011,91.4
14/01/2011,91.54
18/01/2011,91.38
19/01/2011,90.86
20/01/2011,88.86
21/01/2011,89.11
24/01/2011,87.87
25/01/2011,86.19
26/01/2011,87.33
27/01/2011,85.64
28/01/2011,89.34
31/01/2011,92.19
01/02/2011,90.77
02/02/2011,90.86
03/02/2011,90.54
04/02/2011,89.03
07/02/2011,87.48
08/02/2011,86.94
09/02/2011,86.71
10/02/2011,86.73
11/02/2011,85.58
14/02/2011,84.81
15/02/2011,84.32
16/02/2011,84.99
17/02/2011,86.36
18/02/2011,86.2
22/02/2011,93.57
23/02/2011,98.1
24/02/2011,97.28
25/02/2011,97.88
28/02/2011,96.97
01/03/2011,99.63
02/03/2011,102.23
03/03/2011,101.91
04/03/2011,104.42
07/03/2011,105.44
08/03/2011,105.02
09/03/2011,104.38
10/03/2011,102.7
11/03/2011,101.16
14/03/2011,101.19
15/03/2011,97.18
16/03/2011,97.98
17/03/2011,101.42
18/03/2011,101.07
21/03/2011,102.33
22/03/2011,104
23/03/2011,105.75
24/03/2011,105.6
25/03/2011,105.4
28/03/2011,103.98
29/03/2011,104.79
30/03/2011,104.27
31/03/2011,106.72
01/04/2011,107.94
04/04/2011,108.47
05/04/2011,108.34
06/04/2011,108.83
07/04/2011,110.3
08/04/2011,112.79
11/04/2011,109.92
12/04/2011,106.25
13/04/2011,107.11
14/04/2011,108.11
15/04/2011,109.66
18/04/2011,107.12
19/04/2011,108.15
20/04/2011,111.45
21/04/2011,112.29
25/04/2011,112.28
26/04/2011,112.21
27/04/2011,112.76
28/04/2011,112.86
29/04/2011,113.93
02/05/2011,113.52
03/05/2011,111.05
04/05/2011,109.24
05/05/2011,99.8
06/05/2011,97.18
09/05/2011,102.55
10/05/2011,103.88
11/05/2011,98.21
12/05/2011,98.97
13/05/2011,99.65
16/05/2011,97.37
17/05/2011,96.91
18/05/2011,100.1
19/05/2011,98.44
20/05/2011,99.49
23/05/2011,97.7
24/05/2011,99.59
25/05/2011,101.32
26/05/2011,100.23
27/05/2011,100.59
31/05/2011,102.7
01/06/2011,100.29
02/06/2011,100.4
03/06/2011,100.22
06/06/2011,99.01
07/06/2011,99.09
08/06/2011,100.74
09/06/2011,101.93
10/06/2011,99.29
13/06/2011,97.3
14/06/2011,99.37
15/06/2011,94.81
16/06/2011,94.95
17/06/2011,93.01
20/06/2011,93.26
21/06/2011,93.4
22/06/2011,95.41
23/06/2011,91.02
24/06/2011,91.16
27/06/2011,90.61
28/06/2011,92.89
29/06/2011,94.77
30/06/2011,95.42
01/07/2011,94.94
05/07/2011,96.89
06/07/2011,96.65
07/07/2011,98.67
08/07/2011,96.2
11/07/2011,95.15
12/07/2011,97.43
13/07/2011,98.05
14/07/2011,95.69
15/07/2011,97.24
18/07/2011,95.93
19/07/2011,97.5
20/07/2011,98.14
21/07/2011,99.13
22/07/2011,99.87
25/07/2011,99.2
26/07/2011,99.59
27/07/2011,97.4
28/07/2011,97.44
29/07/2011,95.7
01/08/2011,94.89
02/08/2011,93.79
03/08/2011,91.93
04/08/2011,86.63
05/08/2011,86.88
08/08/2011,81.31
09/08/2011,79.3
10/08/2011,82.89
11/08/2011,85.72
12/08/2011,85.38
15/08/2011,87.88
16/08/2011,86.65
17/08/2011,87.58
18/08/2011,82.38
19/08/2011,82.26
22/08/2011,84.12
23/08/2011,85.44
24/08/2011,85.16
25/08/2011,85.3
26/08/2011,85.37
29/08/2011,87.27
30/08/2011,88.9
31/08/2011,88.81
01/09/2011,88.93
02/09/2011,86.45
06/09/2011,86.02
07/09/2011,89.34
08/09/2011,89.05
09/09/2011,87.24
12/09/2011,88.19
13/09/2011,90.21
14/09/2011,88.91
15/09/2011,89.4
16/09/2011,87.96
19/09/2011,85.7
20/09/2011,86.89
21/09/2011,85.92
22/09/2011,80.51
23/09/2011,79.85
26/09/2011,80.24
27/09/2011,84.45
28/09/2011,81.21
29/09/2011,82.14
30/09/2011,79.2
03/10/2011,77.61
04/10/2011,75.67
05/10/2011,79.68
06/10/2011,82.59
07/10/2011,82.98
10/10/2011,85.41
11/10/2011,85.81
12/10/2011,85.57
13/10/2011,84.23
14/10/2011,86.8
17/10/2011,86.38
18/10/2011,88.34
19/10/2011,86.11
20/10/2011,85.3
21/10/2011,87.4
24/10/2011,91.27
25/10/2011,93.17
26/10/2011,90.2
27/10/2011,93.96
28/10/2011,93.32
31/10/2011,93.19
01/11/2011,92.19
02/11/2011,92.51
03/11/2011,94.07
04/11/2011,94.26
07/11/2011,95.52
08/11/2011,96.8
09/11/2011,95.74
10/11/2011,97.78
11/11/2011,98.99
14/11/2011,98.14
15/11/2011,99.37
16/11/2011,102.59
17/11/2011,98.82
18/11/2011,97.41
21/11/2011,96.92
22/11/2011,98.01
23/11/2011,96.17
25/11/2011,96.77
28/11/2011,98.21
29/11/2011,99.79
30/11/2011,100.36
01/12/2011,100.2
02/12/2011,100.96
05/12/2011,100.99
06/12/2011,101.28
07/12/2011,100.49
08/12/2011,98.34
09/12/2011,99.41
12/12/2011,97.77
13/12/2011,100.14
14/12/2011,94.95
15/12/2011,93.87
16/12/2011,93.53
19/12/2011,93.88
20/12/2011,97.22
21/12/2011,98.67
22/12/2011,99.53
23/12/2011,99.68
27/12/2011,101.34
28/12/2011,99.36
29/12/2011,99.65
30/12/2011,98.83
03/01/2012,102.96
04/01/2012,103.22
05/01/2012,101.81
06/01/2012,101.56
09/01/2012,101.31
10/01/2012,102.24
11/01/2012,100.87
12/01/2012,99.1
13/01/2012,98.7
17/01/2012,100.71
18/01/2012,100.59
19/01/2012,100.39
20/01/2012,98.46
23/01/2012,99.58
24/01/2012,98.95
25/01/2012,99.4
26/01/2012,99.7
27/01/2012,99.56
30/01/2012,98.78
31/01/2012,98.48
01/02/2012,97.61
02/02/2012,96.36
03/02/2012,97.84
06/02/2012,96.91
07/02/2012,98.41
08/02/2012,98.71
09/02/2012,99.84
10/02/2012,98.67
13/02/2012,100.91
14/02/2012,100.74
15/02/2012,101.8
16/02/2012,102.31
17/02/2012,103.24
21/02/2012,105.84
22/02/2012,106.28
23/02/2012,107.83
24/02/2012,109.77
27/02/2012,108.56
28/02/2012,106.55
29/02/2012,107.07
01/03/2012,108.84
02/03/2012,106.7
05/03/2012,106.72
06/03/2012,104.7
07/03/2012,106.16
08/03/2012,106.58
09/03/2012,107.4
12/03/2012,106.34
13/03/2012,106.71
14/03/2012,105.43
15/03/2012,105.11
16/03/2012,107.06
19/03/2012,108.09
20/03/2012,105.61
21/03/2012,107.27
22/03/2012,105.35
23/03/2012,106.87
26/03/2012,107.03
27/03/2012,107.33
28/03/2012,105.41
29/03/2012,102.78
30/03/2012,103.02
02/04/2012,105.23
03/04/2012,104.01
04/04/2012,101.47
05/04/2012,103.31
09/04/2012,102.46
10/04/2012,101.02
11/04/2012,102.7
12/04/2012,103.64
13/04/2012,102.83
16/04/2012,102.93
17/04/2012,104.2
18/04/2012,102.67
19/04/2012,102.27
20/04/2012,103.05
23/04/2012,103.11
24/04/2012,103.55
25/04/2012,104.12
26/04/2012,104.55
27/04/2012,104.93
30/04/2012,104.87
01/05/2012,106.16
02/05/2012,105.22
03/05/2012,102.54
04/05/2012,98.49
07/05/2012,97.94
08/05/2012,97.01
09/05/2012,96.81
10/05/2012,97.08
11/05/2012,96.13
14/05/2012,94.78
15/05/2012,93.98
16/05/2012,92.81
17/05/2012,92.56
18/05/2012,91.48
21/05/2012,92.57
22/05/2012,91.66
23/05/2012,89.9
24/05/2012,90.66
25/05/2012,90.86
29/05/2012,90.76
30/05/2012,87.82
31/05/2012,86.53
01/06/2012,83.23
04/06/2012,83.98
05/06/2012,84.29
06/06/2012,85.02
07/06/2012,84.82
08/06/2012,84.1
11/06/2012,82.7
12/06/2012,83.32
13/06/2012,82.62
14/06/2012,83.91
15/06/2012,84.03
18/06/2012,83.27
19/06/2012,84.03
20/06/2012,81.8
21/06/2012,78.2
22/06/2012,79.76
25/06/2012,79.21
26/06/2012,79.36
27/06/2012,80.21
28/06/2012,77.69
29/06/2012,84.96
02/07/2012,83.75
03/07/2012,87.66
05/07/2012,87.22
06/07/2012,84.45
09/07/2012,85.99
10/07/2012,83.91
11/07/2012,85.81
12/07/2012,86.08
13/07/2012,87.1
16/07/2012,88.43
17/07/2012,89.22
18/07/2012,89.87
19/07/2012,92.66
20/07/2012,91.44
23/07/2012,88.14
24/07/2012,88.5
25/07/2012,88.97
26/07/2012,89.39
27/07/2012,90.13
30/07/2012,89.78
31/07/2012,88.06
01/08/2012,88.91
02/08/2012,87.13
03/08/2012,91.4
06/08/2012,92.2
07/08/2012,93.67
08/08/2012,93.35
09/08/2012,93.36
10/08/2012,92.87
13/08/2012,92.73
14/08/2012,93.43
15/08/2012,94.33
16/08/2012,95.6
17/08/2012,96.01
20/08/2012,95.97
21/08/2012,96.68
22/08/2012,97.26
23/08/2012,96.27
24/08/2012,96.15
27/08/2012,95.47
28/08/2012,96.33
29/08/2012,95.49
30/08/2012,94.62
31/08/2012,96.47
04/09/2012,95.3
05/09/2012,95.36
06/09/2012,95.53
07/09/2012,96.42
10/09/2012,96.54
11/09/2012,97.17
12/09/2012,97.01
13/09/2012,98.31
14/09/2012,99
17/09/2012,96.62
18/09/2012,95.29
19/09/2012,91.98
20/09/2012,91.87
21/09/2012,92.89
24/09/2012,91.93
25/09/2012,91.37
26/09/2012,89.98
27/09/2012,91.85
28/09/2012,92.19
01/10/2012,92.48
02/10/2012,91.89
03/10/2012,88.14
04/10/2012,91.71
05/10/2012,89.88
08/10/2012,89.33
09/10/2012,92.39
10/10/2012,91.25
11/10/2012,92.07
12/10/2012,91.86
15/10/2012,91.85
16/10/2012,92.09
17/10/2012,92.12
18/10/2012,92.1
19/10/2012,90.05
22/10/2012,88.73
23/10/2012,86.67
24/10/2012,85.73
25/10/2012,86.05
26/10/2012,86.28
29/10/2012,85.54
30/10/2012,85.68
31/10/2012,86.24
01/11/2012,87.09
02/11/2012,84.86
05/11/2012,85.65
06/11/2012,88.71
07/11/2012,84.44
08/11/2012,85.09
09/11/2012,86.07
12/11/2012,85.57
13/11/2012,85.38
14/11/2012,86.32
15/11/2012,85.45
16/11/2012,86.67
19/11/2012,89.28
20/11/2012,86.75
21/11/2012,87.38
23/11/2012,88.28
26/11/2012,87.74
27/11/2012,87.18
28/11/2012,86.49
29/11/2012,88.07
30/11/2012,88.91
03/12/2012,89.09
04/12/2012,88.5
05/12/2012,87.88
06/12/2012,86.26
07/12/2012,85.93
10/12/2012,85.56
11/12/2012,85.79
12/12/2012,86.77
13/12/2012,85.89
14/12/2012,86.73
17/12/2012,87.2
18/12/2012,87.93
19/12/2012,89.51
20/12/2012,90.13
21/12/2012,88.66
24/12/2012,88.61
26/12/2012,90.98
27/12/2012,90.87
28/12/2012,90.8
31/12/2012,91.82
02/01/2013,93.12
03/01/2013,92.92
04/01/2013,93.09
07/01/2013,93.19
08/01/2013,93.15
09/01/2013,93.1
10/01/2013,93.82
11/01/2013,93.56
14/01/2013,94.14
15/01/2013,93.28
16/01/2013,94.24
17/01/2013,95.49
18/01/2013,95.56
22/01/2013,96.24
23/01/2013,95.23
24/01/2013,95.95
25/01/2013,95.88
28/01/2013,96.44
29/01/2013,97.57
30/01/2013,97.94
31/01/2013,97.49
01/02/2013,97.77
04/02/2013,96.17
05/02/2013,96.64
06/02/2013,96.62
07/02/2013,95.83
08/02/2013,95.72
11/02/2013,97.03
12/02/2013,97.51
13/02/2013,97.01
14/02/2013,97.31
15/02/2013,95.86
19/02/2013,96.66
20/02/2013,94.46
21/02/2013,92.84
22/02/2013,93.13
25/02/2013,93.11
26/02/2013,92.63
27/02/2013,92.76
28/02/2013,92.05
01/03/2013,90.68
04/03/2013,90.12
05/03/2013,90.82
06/03/2013,90.43
07/03/2013,91.56
08/03/2013,91.95
11/03/2013,92.06
12/03/2013,92.54
13/03/2013,92.52
14/03/2013,93.03
15/03/2013,93.45
18/03/2013,93.74
19/03/2013,92.16
20/03/2013,92.96
21/03/2013,92.45
22/03/2013,93.71
25/03/2013,94.81
26/03/2013,96.34
27/03/2013,96.58
28/03/2013,97.23
01/04/2013,97.07
02/04/2013,97.19
03/04/2013,94.45
04/04/2013,93.26
05/04/2013,92.7
08/04/2013,93.36
09/04/2013,94.2
10/04/2013,94.64
11/04/2013,93.51
12/04/2013,91.29
15/04/2013,88.71
16/04/2013,88.72
17/04/2013,86.68
18/04/2013,87.73
19/04/2013,88.01
22/04/2013,88.76
23/04/2013,89.18
24/04/2013,91.43
25/04/2013,93.64
26/04/2013,93
29/04/2013,94.5
30/04/2013,93.46
01/05/2013,91.03
02/05/2013,93.99
03/05/2013,95.61
06/05/2013,96.16
07/05/2013,95.62
08/05/2013,96.62
09/05/2013,96.39
10/05/2013,96.04
13/05/2013,95.17
14/05/2013,94.21
15/05/2013,94.3
16/05/2013,95.16
17/05/2013,96.02
20/05/2013,96.71
21/05/2013,96.16
22/05/2013,94.28
23/05/2013,94.25
24/05/2013,94.15
27/05/2013,93.83
28/05/2013,95.01
29/05/2013,93.13
30/05/2013,93.61
31/05/2013,91.97
03/06/2013,93.45
04/06/2013,93.31
05/06/2013,93.74
06/06/2013,94.76
07/06/2013,96.03
10/06/2013,95.77
11/06/2013,95.38
12/06/2013,95.88
13/06/2013,96.69
14/06/2013,97.85
17/06/2013,97.77
18/06/2013,98.44
19/06/2013,98.24
20/06/2013,95.4
21/06/2013,93.69
24/06/2013,95.18
25/06/2013,95.32
26/06/2013,95.5
27/06/2013,97.05
28/06/2013,96.56
01/07/2013,97.99
02/07/2013,99.6
03/07/2013,101.24
04/07/2013,101.4
05/07/2013,103.22
08/07/2013,103.14
09/07/2013,103.53
10/07/2013,106.52
11/07/2013,104.91
12/07/2013,105.95
15/07/2013,106.32
16/07/2013,106
17/07/2013,106.48
18/07/2013,108.04
19/07/2013,108.05
22/07/2013,106.91
23/07/2013,107.23
24/07/2013,105.39
25/07/2013,105.49
26/07/2013,104.7
29/07/2013,104.55
30/07/2013,103.08
31/07/2013,105.03
01/08/2013,107.89
02/08/2013,106.94
05/08/2013,106.56
06/08/2013,105.3
07/08/2013,104.37
08/08/2013,103.4
09/08/2013,105.97
12/08/2013,106.11
13/08/2013,106.83
14/08/2013,106.85
15/08/2013,107.33
16/08/2013,107.46
19/08/2013,107.1
20/08/2013,104.96
21/08/2013,103.85
22/08/2013,105.03
23/08/2013,106.42
26/08/2013,105.92
27/08/2013,109.01
28/08/2013,110.1
29/08/2013,108.8
30/08/2013,107.65
02/09/2013,106.75
03/09/2013,108.54
04/09/2013,107.23
05/09/2013,108.37
06/09/2013,110.53
09/09/2013,109.52
10/09/2013,107.39
11/09/2013,107.56
12/09/2013,108.6
13/09/2013,108.21
16/09/2013,106.59
17/09/2013,105.42
18/09/2013,108.07
19/09/2013,106.39
20/09/2013,104.68
23/09/2013,103.59
24/09/2013,103.13
25/09/2013,102.66
26/09/2013,103.03
27/09/2013,102.87
30/09/2013,102.33
01/10/2013,102.04
02/10/2013,104.1
03/10/2013,103.31
04/10/2013,103.84
07/10/2013,103.03
08/10/2013,103.49
09/10/2013,101.61
10/10/2013,103.01
11/10/2013,102.02
14/10/2013,102.41
15/10/2013,101.21
16/10/2013,102.29
17/10/2013,100.67
18/10/2013,100.81
21/10/2013,99.22
22/10/2013,97.8
23/10/2013,96.86
24/10/2013,97.11
25/10/2013,97.85
28/10/2013,98.68
29/10/2013,98.2
30/10/2013,96.77
31/10/2013,96.38
01/11/2013,94.61
04/11/2013,94.62
05/11/2013,93.37
06/11/2013,94.8
07/11/2013,94.2
08/11/2013,94.6
11/11/2013,95.14
12/11/2013,93.04
13/11/2013,93.88
14/11/2013,93.76
15/11/2013,93.84
18/11/2013,93.03
19/11/2013,93.34
20/11/2013,93.33
21/11/2013,95.44
22/11/2013,94.84
25/11/2013,94.09
26/11/2013,93.68
27/11/2013,92.3
28/11/2013,92.28
29/11/2013,92.72
02/12/2013,93.82
03/12/2013,96.04
04/12/2013,97.2
05/12/2013,97.38
06/12/2013,97.65
09/12/2013,97.34
10/12/2013,98.51
11/12/2013,97.44
12/12/2013,97.5
13/12/2013,96.6
16/12/2013,97.48
17/12/2013,97.22
18/12/2013,97.8
19/12/2013,98.77
20/12/2013,99.32
23/12/2013,98.91
24/12/2013,99.22
26/12/2013,99.55
27/12/2013,100.32
30/12/2013,99.29
31/12/2013,98.42
01/01/2014,98.7
02/01/2014,95.44
03/01/2014,93.96
06/01/2014,93.43
07/01/2014,93.67
08/01/2014,92.33
09/01/2014,91.66
10/01/2014,92.72
13/01/2014,91.8
14/01/2014,92.59
15/01/2014,94.17
16/01/2014,93.96
17/01/2014,94.37
20/01/2014,93.93
21/01/2014,94.99
22/01/2014,96.73
23/01/2014,97.32
24/01/2014,96.64
27/01/2014,95.72
28/01/2014,97.41
29/01/2014,97.36
30/01/2014,98.23
31/01/2014,97.49
03/02/2014,96.43
04/02/2014,97.19
05/02/2014,97.38
06/02/2014,97.84
07/02/2014,99.88
10/02/2014,100.06
11/02/2014,99.94
12/02/2014,100.37
13/02/2014,100.35
14/02/2014,100.3
17/02/2014,100.58
18/02/2014,102.43
19/02/2014,103.31
20/02/2014,102.92
21/02/2014,102.2
24/02/2014,102.82
25/02/2014,101.83
26/02/2014,102.59
27/02/2014,102.4
28/02/2014,102.59
03/03/2014,104.92
04/03/2014,103.33
05/03/2014,101.45
06/03/2014,101.56
07/03/2014,102.58
10/03/2014,101.12
11/03/2014,100.03
12/03/2014,97.99
13/03/2014,98.2
14/03/2014,98.89
17/03/2014,98.08
18/03/2014,99.7
19/03/2014,100.37
20/03/2014,99.43
21/03/2014,99.46
24/03/2014,99.6
25/03/2014,99.19
26/03/2014,100.26
27/03/2014,101.28
28/03/2014,101.67
31/03/2014,101.58
01/04/2014,99.74
02/04/2014,99.62
03/04/2014,100.29
04/04/2014,101.14
07/04/2014,100.44
08/04/2014,102.56
09/04/2014,103.6
10/04/2014,103.4
11/04/2014,103.74
14/04/2014,104.05
15/04/2014,103.75
16/04/2014,103.76
17/04/2014,104.3
21/04/2014,104.37
22/04/2014,102.13
23/04/2014,101.44
24/04/2014,101.94
25/04/2014,100.6
28/04/2014,100.84
29/04/2014,101.28
30/04/2014,99.74
01/05/2014,99.42
02/05/2014,99.76
05/05/2014,99.48
06/05/2014,99.5
07/05/2014,100.77
08/05/2014,100.26
09/05/2014,99.99
12/05/2014,100.59
13/05/2014,101.7
14/05/2014,102.37
15/05/2014,101.5
16/05/2014,102.02
19/05/2014,102.61
20/05/2014,102.44
21/05/2014,104.07
22/05/2014,103.74
23/05/2014,104.35
26/05/2014,104.28
27/05/2014,104.11
28/05/2014,102.72
29/05/2014,103.58
30/05/2014,102.71
02/06/2014,102.47
03/06/2014,102.66
04/06/2014,102.64
05/06/2014,102.48
06/06/2014,102.66
09/06/2014,104.41
10/06/2014,104.35
11/06/2014,104.4
12/06/2014,106.53
13/06/2014,106.91
16/06/2014,106.9
17/06/2014,106.36
18/06/2014,105.97
19/06/2014,106.43
20/06/2014,107.26
23/06/2014,106.17
24/06/2014,106.03
25/06/2014,106.5
26/06/2014,105.84
27/06/2014,105.74
30/06/2014,105.37
01/07/2014,105.34
02/07/2014,104.48
03/07/2014,104.06
04/07/2014,103.76
07/07/2014,103.53
08/07/2014,103.4
09/07/2014,102.29
10/07/2014,102.93
11/07/2014,100.83
14/07/2014,100.91
15/07/2014,99.96
16/07/2014,101.2
17/07/2014,103.19
18/07/2014,103.13
21/07/2014,104.59
22/07/2014,104.42
23/07/2014,103.12
24/07/2014,102.07
25/07/2014,102.09
28/07/2014,101.67
29/07/2014,100.97
30/07/2014,100.27
31/07/2014,98.17
01/08/2014,97.88
04/08/2014,98.29
05/08/2014,97.38
06/08/2014,96.92
07/08/2014,97.34
08/08/2014,97.65
11/08/2014,98.08
12/08/2014,97.37
13/08/2014,97.59
14/08/2014,95.58
15/08/2014,97.35
18/08/2014,96.41
19/08/2014,94.48
20/08/2014,96.07
21/08/2014,93.96
22/08/2014,93.65
25/08/2014,93.35
26/08/2014,93.86
27/08/2014,93.88
28/08/2014,94.55
29/08/2014,95.96
01/09/2014,95.83
02/09/2014,92.88
03/09/2014,95.54
04/09/2014,94.45
05/09/2014,93.29
08/09/2014,92.66
09/09/2014,92.75
10/09/2014,91.67
11/09/2014,92.83
12/09/2014,92.27
15/09/2014,92.92
16/09/2014,94.88
17/09/2014,94.42
18/09/2014,93.07
19/09/2014,92.41
22/09/2014,91.52
23/09/2014,91.56
24/09/2014,92.8
25/09/2014,92.53
26/09/2014,93.54
29/09/2014,94.57
30/09/2014,91.16
01/10/2014,90.73
02/10/2014,91.01
03/10/2014,89.74
06/10/2014,90.34
07/10/2014,88.85
08/10/2014,87.31
09/10/2014,85.77
10/10/2014,85.82
13/10/2014,85.74
14/10/2014,81.84
15/10/2014,81.78
16/10/2014,82.7
17/10/2014,82.75
20/10/2014,82.71
21/10/2014,82.81
22/10/2014,80.52
23/10/2014,82.09
24/10/2014,81.01
27/10/2014,81
28/10/2014,81.42
29/10/2014,82.2
30/10/2014,81.12
31/10/2014,80.54
03/11/2014,78.78
04/11/2014,77.19
05/11/2014,78.68
06/11/2014,77.91
07/11/2014,78.65
10/11/2014,77.4
11/11/2014,77.94
12/11/2014,77.18
13/11/2014,74.21
14/11/2014,75.82
17/11/2014,75.64
18/11/2014,74.61
19/11/2014,74.58
20/11/2014,75.58
21/11/2014,76.51
24/11/2014,75.78
25/11/2014,74.09
26/11/2014,73.69
27/11/2014,68.55
28/11/2014,66.15
01/12/2014,69
02/12/2014,66.88
03/12/2014,67.38
04/12/2014,66.81
05/12/2014,65.84
08/12/2014,63.05
09/12/2014,63.82
10/12/2014,60.94
11/12/2014,59.95
12/12/2014,57.81
15/12/2014,55.91
16/12/2014,55.93
17/12/2014,56.47
18/12/2014,54.11
19/12/2014,56.52
22/12/2014,55.26
23/12/2014,57.12
24/12/2014,55.84
25/12/2014,55.92
26/12/2014,54.73
29/12/2014,53.61
30/12/2014,54.12
31/12/2014,53.27
01/01/2015,54.56
02/01/2015,52.69
05/01/2015,50.04
06/01/2015,47.93
07/01/2015,48.65
08/01/2015,48.79
09/01/2015,48.36
12/01/2015,46.07
13/01/2015,45.89
14/01/2015,48.48
15/01/2015,46.25
16/01/2015,48.69
18/01/2015,48.85
19/01/2015,47.78
20/01/2015,46.39
21/01/2015,47.78
22/01/2015,46.31
23/01/2015,45.59
26/01/2015,45.15
27/01/2015,46.23
28/01/2015,44.45
29/01/2015,44.53
30/01/2015,48.24
02/02/2015,49.57
03/02/2015,53.05
04/02/2015,48.45
05/02/2015,50.48
06/02/2015,51.69
09/02/2015,52.86
10/02/2015,50.02
11/02/2015,48.84
12/02/2015,51.21
13/02/2015,52.78
15/02/2015,54.06
16/02/2015,53.61
17/02/2015,53.53
18/02/2015,52.14
19/02/2015,51.16
20/02/2015,50.34
23/02/2015,49.45
24/02/2015,49.28
25/02/2015,50.99
26/02/2015,48.17
27/02/2015,49.76
02/03/2015,49.59
03/03/2015,50.52
04/03/2015,51.53
05/03/2015,50.76
06/03/2015,49.61
09/03/2015,50
10/03/2015,48.29
11/03/2015,48.17
12/03/2015,47.05
13/03/2015,44.84
16/03/2015,43.88
17/03/2015,43.46
18/03/2015,44.66
19/03/2015,43.96
20/03/2015,45.72
23/03/2015,47.45
24/03/2015,47.51
25/03/2015,49.21
26/03/2015,51.43
27/03/2015,48.87
30/03/2015,48.68
31/03/2015,47.6
01/04/2015,50.09
02/04/2015,49.14
03/04/2015,49.14
06/04/2015,52.14
07/04/2015,53.98
08/04/2015,50.42
09/04/2015,50.79
10/04/2015,51.64
13/04/2015,51.91
14/04/2015,53.29
15/04/2015,56.39
16/04/2015,56.71
17/04/2015,55.74
20/04/2015,56.38
21/04/2015,55.26
22/04/2015,56.16
23/04/2015,57.74
24/04/2015,57.15
27/04/2015,56.99
28/04/2015,57.06
29/04/2015,58.58
30/04/2015,59.63
01/05/2015,59.15
04/05/2015,58.93
05/05/2015,60.4
06/05/2015,60.93
07/05/2015,58.94
08/05/2015,59.39
11/05/2015,59.25
12/05/2015,60.75
13/05/2015,60.5
14/05/2015,59.88
15/05/2015,59.69
18/05/2015,59.43
19/05/2015,57.26
20/05/2015,58.98
21/05/2015,60.72
22/05/2015,59.72
24/05/2015,59.92
25/05/2015,59.85
26/05/2015,58.03
27/05/2015,57.51
28/05/2015,57.68
29/05/2015,60.3
01/06/2015,60.2
02/06/2015,61.26
03/06/2015,59.64
04/06/2015,58
05/06/2015,59.13
08/06/2015,58.14
09/06/2015,60.14
10/06/2015,61.43
11/06/2015,60.77
12/06/2015,59.96
15/06/2015,59.52
16/06/2015,59.97
17/06/2015,59.92
18/06/2015,60.45
19/06/2015,59.61
22/06/2015,59.68
23/06/2015,61.01
24/06/2015,60.27
25/06/2015,59.7
26/06/2015,59.63
29/06/2015,58.33
30/06/2015,59.47
01/07/2015,56.96
02/07/2015,56.93
03/07/2015,55.52
06/07/2015,52.53
07/07/2015,52.33
08/07/2015,51.65
09/07/2015,52.78
10/07/2015,52.74
13/07/2015,52.2
14/07/2015,53.04
15/07/2015,51.41
16/07/2015,50.91
17/07/2015,50.89
20/07/2015,50.15
21/07/2015,50.36
22/07/2015,49.19
23/07/2015,48.45
24/07/2015,48.14
27/07/2015,47.39
28/07/2015,47.98
29/07/2015,48.79
30/07/2015,48.52
31/07/2015,47.12
03/08/2015,45.17
04/08/2015,45.74
05/08/2015,45.15
06/08/2015,44.66
07/08/2015,43.87
10/08/2015,44.96
11/08/2015,43.08
12/08/2015,43.3
13/08/2015,42.23
14/08/2015,42.5
17/08/2015,41.87
18/08/2015,42.62
19/08/2015,40.8
20/08/2015,41.14
21/08/2015,40.45
24/08/2015,38.24
25/08/2015,39.31
26/08/2015,38.6
27/08/2015,42.56
28/08/2015,45.22
31/08/2015,49.2
01/09/2015,45.41
02/09/2015,46.25
03/09/2015,46.75
04/09/2015,46.05
06/09/2015,45.72
07/09/2015,44.7
08/09/2015,45.94
09/09/2015,44.15
10/09/2015,45.92
11/09/2015,44.63
14/09/2015,44
15/09/2015,44.59
16/09/2015,47.15
17/09/2015,46.9
18/09/2015,44.68
21/09/2015,46.68
22/09/2015,45.83
23/09/2015,44.48
24/09/2015,44.91
25/09/2015,45.7
28/09/2015,44.43
29/09/2015,45.23
30/09/2015,45.09
01/10/2015,44.74
02/10/2015,45.54
05/10/2015,46.26
06/10/2015,48.53
07/10/2015,47.81
08/10/2015,49.43
09/10/2015,49.63
12/10/2015,47.1
13/10/2015,46.66
14/10/2015,46.64
15/10/2015,46.38
16/10/2015,47.26
19/10/2015,45.89
20/10/2015,45.55
21/10/2015,45.2
22/10/2015,45.38
23/10/2015,44.6
26/10/2015,43.98
27/10/2015,43.2
28/10/2015,45.94
29/10/2015,46.06
30/10/2015,46.59
02/11/2015,46.14
03/11/2015,47.9
04/11/2015,46.32
05/11/2015,45.2
06/11/2015,44.29
09/11/2015,43.87
10/11/2015,44.21
11/11/2015,42.93
12/11/2015,41.75
13/11/2015,40.74
16/11/2015,41.74
17/11/2015,40.67
18/11/2015,40.75
19/11/2015,40.54
20/11/2015,40.39
23/11/2015,41.75
24/11/2015,42.87
25/11/2015,43.04
26/11/2015,42.59
27/11/2015,41.71
30/11/2015,41.65
01/12/2015,41.85
02/12/2015,39.94
03/12/2015,41.08
04/12/2015,39.97
07/12/2015,37.65
08/12/2015,37.51
09/12/2015,37.16
10/12/2015,36.76
11/12/2015,35.62
14/12/2015,36.31
15/12/2015,37.35
16/12/2015,35.52
17/12/2015,34.95
18/12/2015,34.73
21/12/2015,34.74
22/12/2015,36.14
23/12/2015,37.5
24/12/2015,38.1
28/12/2015,36.81
29/12/2015,37.87
30/12/2015,36.6
31/12/2015,37.04
04/01/2016,36.76
05/01/2016,35.97
06/01/2016,33.97
07/01/2016,33.27
08/01/2016,33.16
11/01/2016,31.41
12/01/2016,30.44
13/01/2016,30.48
14/01/2016,31.2
15/01/2016,29.42
17/01/2016,29.75
18/01/2016,30.02
19/01/2016,28.46
20/01/2016,26.55
21/01/2016,29.53
22/01/2016,32.19
25/01/2016,30.34
26/01/2016,31.45
27/01/2016,32.3
28/01/2016,33.22
29/01/2016,33.62
01/02/2016,31.62
02/02/2016,29.88
03/02/2016,32.28
04/02/2016,31.72
05/02/2016,30.89
08/02/2016,29.69
09/02/2016,27.94
10/02/2016,27.45
11/02/2016,26.21
12/02/2016,29.44
14/02/2016,29.08
15/02/2016,30.6
16/02/2016,29.04
17/02/2016,30.66
18/02/2016,30.77
19/02/2016,29.64
22/02/2016,31.48
23/02/2016,31.87
24/02/2016,32.15
25/02/2016,33.07
26/02/2016,32.78
29/02/2016,33.75
01/03/2016,34.4
02/03/2016,34.66
03/03/2016,34.57
04/03/2016,35.92
07/03/2016,37.9
08/03/2016,36.5
09/03/2016,38.29
10/03/2016,37.84
11/03/2016,38.5
14/03/2016,37.18
15/03/2016,36.34
16/03/2016,38.46
17/03/2016,40.2
18/03/2016,39.44
21/03/2016,39.91
22/03/2016,41.45
23/03/2016,39.79
24/03/2016,39.46
28/03/2016,39.39
29/03/2016,38.28
30/03/2016,38.32
31/03/2016,38.34
01/04/2016,36.79
04/04/2016,35.7
05/04/2016,35.89
06/04/2016,37.75
07/04/2016,37.26
08/04/2016,39.72
11/04/2016,40.36
12/04/2016,42.17
13/04/2016,41.76
14/04/2016,41.5
15/04/2016,40.36
18/04/2016,39.78
19/04/2016,41.08
20/04/2016,42.63
21/04/2016,43.18
22/04/2016,43.73
25/04/2016,42.64
26/04/2016,44.04
27/04/2016,45.33
28/04/2016,46.03
29/04/2016,45.92
02/05/2016,44.78
03/05/2016,43.65
04/05/2016,43.78
05/05/2016,44.32
06/05/2016,44.66
09/05/2016,43.44
10/05/2016,44.66
11/05/2016,46.23
12/05/2016,46.7
13/05/2016,46.21
16/05/2016,47.72
17/05/2016,48.31
18/05/2016,48.19
19/05/2016,48.16
20/05/2016,47.75
23/05/2016,48.08
24/05/2016,48.62
25/05/2016,49.56
26/05/2016,49.48
27/05/2016,49.33
29/05/2016,49.58
30/05/2016,49.51
31/05/2016,49.1
01/06/2016,49.01
02/06/2016,49.17
03/06/2016,48.62
06/06/2016,49.69
07/06/2016,50.36
08/06/2016,51.23
09/06/2016,50.56
10/06/2016,49.07
13/06/2016,48.88
14/06/2016,48.49
15/06/2016,48.01
16/06/2016,46.21
17/06/2016,47.98
20/06/2016,49.37
21/06/2016,48.85
22/06/2016,49.13
23/06/2016,50.11
24/06/2016,47.64
27/06/2016,46.33
28/06/2016,47.85
29/06/2016,49.88
30/06/2016,48.33
01/07/2016,48.99
03/07/2016,49.01
04/07/2016,48.65
05/07/2016,46.6
06/07/2016,47.43
07/07/2016,45.14
08/07/2016,45.41
11/07/2016,44.76
12/07/2016,46.8
13/07/2016,44.75
14/07/2016,45.68
15/07/2016,45.95
18/07/2016,45.24
19/07/2016,44.65
20/07/2016,44.94
21/07/2016,44.75
22/07/2016,44.19
25/07/2016,43.13
26/07/2016,42.92
27/07/2016,41.92
28/07/2016,41.14
29/07/2016,41.6
01/08/2016,40.06
02/08/2016,39.51
03/08/2016,40.83
04/08/2016,41.93
05/08/2016,41.8
08/08/2016,43.02
09/08/2016,42.77
10/08/2016,41.71
11/08/2016,43.49
12/08/2016,44.49
15/08/2016,45.74
16/08/2016,46.58
17/08/2016,46.79
18/08/2016,48.22
19/08/2016,48.52
22/08/2016,47.05
23/08/2016,48.1
24/08/2016,46.77
25/08/2016,47.33
26/08/2016,47.64
29/08/2016,46.98
30/08/2016,46.35
31/08/2016,44.7
01/09/2016,43.16
02/09/2016,44.44
04/09/2016,44.11
05/09/2016,45.07
06/09/2016,44.83
07/09/2016,45.5
08/09/2016,47.62
09/09/2016,45.88
12/09/2016,46.29
13/09/2016,44.9
14/09/2016,43.58
15/09/2016,43.91
16/09/2016,43.03
19/09/2016,43.3
20/09/2016,43.44
21/09/2016,45.34
22/09/2016,46.32
23/09/2016,44.48
26/09/2016,45.93
27/09/2016,44.67
28/09/2016,47.05
29/09/2016,47.83
30/09/2016,48.24
03/10/2016,48.81
04/10/2016,48.69
05/10/2016,49.83
06/10/2016,50.44
07/10/2016,49.81
10/10/2016,51.35
11/10/2016,50.79
12/10/2016,50.18
13/10/2016,50.44
14/10/2016,50.35
17/10/2016,49.94
18/10/2016,50.29
19/10/2016,51.6
20/10/2016,50.43
21/10/2016,50.85
24/10/2016,50.52
25/10/2016,49.96
26/10/2016,49.18
27/10/2016,49.72
28/10/2016,48.7
31/10/2016,46.86
01/11/2016,46.67
02/11/2016,45.34
03/11/2016,44.66
04/11/2016,44.07
07/11/2016,44.89
08/11/2016,44.98
09/11/2016,45.27
10/11/2016,44.66
11/11/2016,43.41
14/11/2016,43.32
15/11/2016,45.81
16/11/2016,45.57
17/11/2016,45.42
18/11/2016,45.69
21/11/2016,47.49
22/11/2016,48.03
23/11/2016,47.96
24/11/2016,47.98
25/11/2016,46.06
28/11/2016,47.08
29/11/2016,45.23
30/11/2016,49.44
01/12/2016,51.06
02/12/2016,51.68
05/12/2016,51.79
06/12/2016,50.93
07/12/2016,49.77
08/12/2016,50.84
09/12/2016,51.5
12/12/2016,52.83
13/12/2016,52.98
14/12/2016,51.04
15/12/2016,50.9
16/12/2016,51.9
19/12/2016,52.12
20/12/2016,52.23
21/12/2016,52.49
22/12/2016,52.95
23/12/2016,53.02
26/12/2016,53.19
27/12/2016,53.9
28/12/2016,54.06
29/12/2016,53.77
30/12/2016,53.72
02/01/2017,54.03
03/01/2017,52.33
04/01/2017,53.26
05/01/2017,53.76
06/01/2017,53.99
09/01/2017,51.96
10/01/2017,50.82
11/01/2017,52.25
12/01/2017,53.01
13/01/2017,52.37
15/01/2017,52.45
16/01/2017,52.52
17/01/2017,52.48
18/01/2017,51.08
19/01/2017,51.37
20/01/2017,52.42
23/01/2017,52.75
24/01/2017,53.18
25/01/2017,52.75
26/01/2017,53.78
27/01/2017,53.17
30/01/2017,52.63
31/01/2017,52.81
01/02/2017,53.88
02/02/2017,53.54
03/02/2017,53.83
06/02/2017,53.01
07/02/2017,52.17
08/02/2017,52.34
09/02/2017,53
10/02/2017,53.86
13/02/2017,52.93
14/02/2017,53.2
15/02/2017,53.11
16/02/2017,53.36
17/02/2017,53.4
19/02/2017,53.79
20/02/2017,53.97
21/02/2017,54.06
22/02/2017,53.59
23/02/2017,54.45
24/02/2017,53.99
27/02/2017,54.05
28/02/2017,54.01
01/03/2017,53.83
02/03/2017,52.61
03/03/2017,53.33
06/03/2017,53.2
07/03/2017,53.14
08/03/2017,50.28
09/03/2017,49.28
10/03/2017,48.49
13/03/2017,48.4
14/03/2017,47.72
15/03/2017,48.86
16/03/2017,48.75
17/03/2017,48.78
20/03/2017,48.22
21/03/2017,47.34
22/03/2017,48.04
23/03/2017,47.7
24/03/2017,47.97
27/03/2017,47.73
28/03/2017,48.37
29/03/2017,49.51
30/03/2017,50.35
31/03/2017,50.6
03/04/2017,50.24
04/04/2017,51.03
05/04/2017,51.15
06/04/2017,51.7
07/04/2017,52.24
10/04/2017,53.08
11/04/2017,53.4
12/04/2017,53.11
13/04/2017,53.18
17/04/2017,52.65
18/04/2017,52.41
19/04/2017,50.44
20/04/2017,50.27
21/04/2017,49.62
24/04/2017,49.23
25/04/2017,49.56
26/04/2017,49.62
27/04/2017,48.97
28/04/2017,49.33
01/05/2017,48.84
02/05/2017,47.66
03/05/2017,47.82
04/05/2017,45.52
05/05/2017,46.22
08/05/2017,46.43
09/05/2017,45.88
10/05/2017,47.33
11/05/2017,47.83
12/05/2017,47.84
15/05/2017,48.85
16/05/2017,48.66
17/05/2017,49.07
18/05/2017,49.35
19/05/2017,50.33
22/05/2017,50.73
23/05/2017,51.47
24/05/2017,51.36
25/05/2017,48.9
26/05/2017,49.8
28/05/2017,49.94
29/05/2017,49.97
30/05/2017,49.66
31/05/2017,48.32
01/06/2017,48.36
02/06/2017,47.66
05/06/2017,47.4
06/06/2017,48.19
07/06/2017,45.72
08/06/2017,45.64
09/06/2017,45.83
12/06/2017,46.08
13/06/2017,46.46
14/06/2017,44.73
15/06/2017,44.46
16/06/2017,44.74
19/06/2017,44.2
20/06/2017,43.23
21/06/2017,42.53
22/06/2017,42.74
23/06/2017,43.01
26/06/2017,43.38
27/06/2017,44.24
28/06/2017,44.74
29/06/2017,44.93
30/06/2017,46.04
03/07/2017,47.07
04/07/2017,47.13
05/07/2017,45.13
06/07/2017,45.52
07/07/2017,44.23
10/07/2017,44.4
11/07/2017,45.04
12/07/2017,45.49
13/07/2017,46.08
14/07/2017,46.54
17/07/2017,46.02
18/07/2017,46.4
19/07/2017,47.12
20/07/2017,46.79
21/07/2017,45.77
24/07/2017,46.34
25/07/2017,47.89
26/07/2017,48.75
27/07/2017,49.04
28/07/2017,49.71
31/07/2017,50.17
01/08/2017,49.16
02/08/2017,49.59
03/08/2017,49.03
04/08/2017,49.58
07/08/2017,49.39
08/08/2017,49.17
09/08/2017,49.56
10/08/2017,48.59
11/08/2017,48.82
14/08/2017,47.59
15/08/2017,47.55
16/08/2017,46.78
17/08/2017,47.09
18/08/2017,48.51
21/08/2017,47.37
22/08/2017,47.64
23/08/2017,48.41
24/08/2017,47.43
25/08/2017,47.87
28/08/2017,46.57
29/08/2017,46.44
30/08/2017,45.96
31/08/2017,47.23
01/09/2017,47.29
03/09/2017,47.32
04/09/2017,47.41
05/09/2017,48.66
06/09/2017,49.16
07/09/2017,49.09
08/09/2017,47.48
11/09/2017,48.07
12/09/2017,48.23
13/09/2017,49.3
14/09/2017,49.89
15/09/2017,49.89
18/09/2017,49.91
19/09/2017,49.48
20/09/2017,50.41
21/09/2017,50.55
22/09/2017,50.66
25/09/2017,52.22
26/09/2017,51.88
27/09/2017,52.14
28/09/2017,51.56
29/09/2017,51.67
02/10/2017,50.58
03/10/2017,50.42
04/10/2017,49.98
05/10/2017,50.79
06/10/2017,49.29
09/10/2017,49.58
10/10/2017,50.92
11/10/2017,51.3
12/10/2017,50.6
13/10/2017,51.45
16/10/2017,51.87
17/10/2017,51.88
18/10/2017,52.04
19/10/2017,51.29
20/10/2017,51.47
23/10/2017,51.9
24/10/2017,52.47
25/10/2017,52.18
26/10/2017,52.64
27/10/2017,53.9
30/10/2017,54.15
31/10/2017,54.38
01/11/2017,54.3
02/11/2017,54.54
03/11/2017,55.64
06/11/2017,57.35
07/11/2017,57.2
08/11/2017,56.81
09/11/2017,57.17
10/11/2017,56.74
13/11/2017,56.76
14/11/2017,55.7
15/11/2017,55.33
16/11/2017,55.14
17/11/2017,56.55
20/11/2017,56.09
21/11/2017,56.83
22/11/2017,58.02
23/11/2017,58.38
24/11/2017,58.95
27/11/2017,58.11
28/11/2017,57.99
29/11/2017,57.3
30/11/2017,57.4
01/12/2017,58.36
04/12/2017,57.47
05/12/2017,57.62
06/12/2017,55.96
07/12/2017,56.69
08/12/2017,57.36
11/12/2017,57.99
12/12/2017,57.14
13/12/2017,56.6
14/12/2017,57.04
15/12/2017,57.3
18/12/2017,57.16
19/12/2017,57.46
20/12/2017,58.09
21/12/2017,58.36
22/12/2017,58.47
25/12/2017,58.59
26/12/2017,59.97
27/12/2017,59.64
28/12/2017,59.84
29/12/2017,60.42
01/01/2018,60.24
02/01/2018,60.37
03/01/2018,61.63
04/01/2018,62.01
05/01/2018,61.44
08/01/2018,61.73
09/01/2018,62.96
10/01/2018,63.57
11/01/2018,63.8
12/01/2018,64.3
14/01/2018,64.28
15/01/2018,64.73
16/01/2018,63.73
17/01/2018,63.97
18/01/2018,63.95
19/01/2018,63.37
22/01/2018,63.49
23/01/2018,64.47
24/01/2018,65.61
25/01/2018,65.51
26/01/2018,66.14
29/01/2018,65.56
30/01/2018,64.5
31/01/2018,64.73
01/02/2018,65.8
02/02/2018,65.45
05/02/2018,64.15
06/02/2018,63.39
07/02/2018,61.79
08/02/2018,61.15
09/02/2018,59.2
12/02/2018,59.29
13/02/2018,59.19
14/02/2018,60.6
15/02/2018,61.34
16/02/2018,61.68
18/02/2018,61.72
19/02/2018,62.38
20/02/2018,61.9
21/02/2018,61.68
22/02/2018,62.77
23/02/2018,63.55
26/02/2018,63.91
27/02/2018,63.01
28/02/2018,61.64
01/03/2018,60.99
02/03/2018,61.25
05/03/2018,62.57
06/03/2018,62.6
07/03/2018,61.15
08/03/2018,60.12
09/03/2018,62.04
12/03/2018,61.36
13/03/2018,60.71
14/03/2018,60.96
15/03/2018,61.19
16/03/2018,62.34
19/03/2018,62.06
20/03/2018,63.4
21/03/2018,65.17
22/03/2018,64.3
23/03/2018,65.88
26/03/2018,65.55
27/03/2018,65.25
28/03/2018,64.38
29/03/2018,64.94
02/04/2018,63.01
03/04/2018,63.51
04/04/2018,63.37
05/04/2018,63.54
06/04/2018,62.06
09/04/2018,63.42
10/04/2018,65.51
11/04/2018,66.82
12/04/2018,67.07
13/04/2018,67.39
16/04/2018,66.22
17/04/2018,66.52
18/04/2018,68.47
19/04/2018,68.29
20/04/2018,68.38
23/04/2018,68.64
24/04/2018,67.7
25/04/2018,68.05
26/04/2018,68.19
27/04/2018,68.1
30/04/2018,68.57
01/05/2018,67.25
02/05/2018,67.93
03/05/2018,68.43
04/05/2018,69.72
07/05/2018,70.73
08/05/2018,69.06
09/05/2018,71.14
10/05/2018,71.36
11/05/2018,70.7
14/05/2018,70.96
15/05/2018,71.31
16/05/2018,71.49
17/05/2018,71.49
18/05/2018,71.28
21/05/2018,72.24
22/05/2018,72.13
23/05/2018,71.84
24/05/2018,70.71
25/05/2018,67.88
27/05/2018,67.36
28/05/2018,67.05
29/05/2018,66.73
30/05/2018,68.21
31/05/2018,67.04
01/06/2018,65.81
04/06/2018,64.75
05/06/2018,65.52
06/06/2018,64.73
07/06/2018,65.95
08/06/2018,65.74
11/06/2018,66.1
12/06/2018,66.36
13/06/2018,66.64
14/06/2018,66.89
15/06/2018,65.06
18/06/2018,65.85
19/06/2018,65.07
20/06/2018,66.22
21/06/2018,65.54
22/06/2018,68.58
25/06/2018,68.08
26/06/2018,70.53
27/06/2018,72.76
28/06/2018,73.45
29/06/2018,74.15
02/07/2018,73.94
03/07/2018,74.14
04/07/2018,74.13
05/07/2018,72.94
06/07/2018,73.8
09/07/2018,73.85
10/07/2018,74.11
11/07/2018,70.38
12/07/2018,70.33
13/07/2018,71.01
16/07/2018,68.06
17/07/2018,68.08
18/07/2018,68.76
19/07/2018,69.46
20/07/2018,70.46
23/07/2018,67.89
24/07/2018,68.52
25/07/2018,69.3
26/07/2018,69.61
27/07/2018,68.69
30/07/2018,70.13
31/07/2018,68.76
01/08/2018,67.66
02/08/2018,68.96
03/08/2018,68.49
06/08/2018,69.01
07/08/2018,69.17
08/08/2018,66.94
09/08/2018,66.81
10/08/2018,67.63
13/08/2018,67.2
14/08/2018,67.04
15/08/2018,65.01
16/08/2018,65.46
17/08/2018,65.91
20/08/2018,66.43
21/08/2018,67.35
22/08/2018,67.86
23/08/2018,67.83
24/08/2018,68.72
27/08/2018,68.87
28/08/2018,68.53
29/08/2018,69.51
30/08/2018,70.25
31/08/2018,69.8
02/09/2018,69.92
03/09/2018,70.12
04/09/2018,69.87
05/09/2018,68.72
06/09/2018,67.77
07/09/2018,67.75
10/09/2018,67.54
11/09/2018,69.25
12/09/2018,70.37
13/09/2018,68.59
14/09/2018,68.99
17/09/2018,68.91
18/09/2018,69.85
19/09/2018,71.12
20/09/2018,70.8
21/09/2018,70.78
24/09/2018,72.08
25/09/2018,72.28
26/09/2018,71.57
27/09/2018,72.12
28/09/2018,73.25
01/10/2018,75.3
02/10/2018,75.23
03/10/2018,76.41
04/10/2018,74.33
05/10/2018,74.34
08/10/2018,74.29
09/10/2018,74.96
10/10/2018,73.17
11/10/2018,70.97
12/10/2018,71.34
15/10/2018,71.78
16/10/2018,71.92
17/10/2018,69.75
18/10/2018,68.65
19/10/2018,69.12
22/10/2018,69.17
23/10/2018,66.43
24/10/2018,66.82
25/10/2018,67.33
26/10/2018,67.59
29/10/2018,67.04
30/10/2018,66.18
31/10/2018,65.31
01/11/2018,63.69
02/11/2018,63.14
05/11/2018,63.1
06/11/2018,62.21
07/11/2018,61.67
08/11/2018,60.67
09/11/2018,60.19
12/11/2018,59.93
13/11/2018,55.69
14/11/2018,56.25
15/11/2018,56.46
16/11/2018,56.46
19/11/2018,56.76
20/11/2018,53.43
21/11/2018,54.63
22/11/2018,54.02
23/11/2018,50.42
26/11/2018,51.63
27/11/2018,51.56
28/11/2018,50.29
29/11/2018,51.45
30/11/2018,50.93
03/12/2018,52.95
04/12/2018,53.25
05/12/2018,52.89
06/12/2018,51.49
07/12/2018,52.61
10/12/2018,51
11/12/2018,51.65
12/12/2018,51.15
13/12/2018,52.58
14/12/2018,51.2
17/12/2018,49.88
18/12/2018,46.24
19/12/2018,47.2
20/12/2018,45.88
21/12/2018,45.59
24/12/2018,42.53
25/12/2018,43.16
26/12/2018,46.22
27/12/2018,44.61
28/12/2018,45.33
31/12/2018,45.41
01/01/2019,45.89
02/01/2019,46.54
03/01/2019,47.09
04/01/2019,47.96
07/01/2019,48.52
08/01/2019,49.78
09/01/2019,52.36
10/01/2019,52.59
11/01/2019,51.59
14/01/2019,50.51
15/01/2019,52.11
16/01/2019,52.31
17/01/2019,52.07
18/01/2019,53.8
20/01/2019,53.65
21/01/2019,54.24
22/01/2019,52.57
23/01/2019,52.62
24/01/2019,53.13
25/01/2019,53.69
28/01/2019,51.99
29/01/2019,53.31
30/01/2019,54.23
31/01/2019,53.79
01/02/2019,55.26
04/02/2019,54.56
05/02/2019,53.66
06/02/2019,54.01
07/02/2019,52.64
08/02/2019,52.72
11/02/2019,52.41
12/02/2019,53.1
13/02/2019,53.9
14/02/2019,54.41
15/02/2019,55.59
17/02/2019,56.33
18/02/2019,56.27
19/02/2019,56.09
20/02/2019,56.92
21/02/2019,56.96
22/02/2019,57.26
25/02/2019,55.48
26/02/2019,55.5
27/02/2019,56.94
28/02/2019,57.22
01/03/2019,55.8
04/03/2019,56.59
05/03/2019,56.56
06/03/2019,56.22
07/03/2019,56.66
08/03/2019,56.07
11/03/2019,56.79
12/03/2019,56.87
13/03/2019,58.26
14/03/2019,58.61
15/03/2019,58.52
18/03/2019,59.09
19/03/2019,59.03
20/03/2019,59.83
21/03/2019,59.98
22/03/2019,59.04
25/03/2019,58.82
26/03/2019,59.94
27/03/2019,59.41
28/03/2019,59.3
29/03/2019,60.14
01/04/2019,61.59
02/04/2019,62.58
03/04/2019,62.46
04/04/2019,62.1
05/04/2019,63.08
08/04/2019,64.4
09/04/2019,63.98
10/04/2019,64.61
11/04/2019,63.58
12/04/2019,63.89
15/04/2019,63.4
16/04/2019,64.05
17/04/2019,63.76
18/04/2019,64
22/04/2019,65.7
23/04/2019,66.3
24/04/2019,65.89
25/04/2019,65.21
26/04/2019,63.3
29/04/2019,63.5
30/04/2019,63.91
01/05/2019,63.6
02/05/2019,61.81
03/05/2019,61.94
06/05/2019,62.25
07/05/2019,61.4
08/05/2019,62.12
09/05/2019,61.7
10/05/2019,61.66
13/05/2019,61.04
14/05/2019,61.78
15/05/2019,62.02
16/05/2019,62.87
17/05/2019,62.76
20/05/2019,63.1
21/05/2019,62.99
22/05/2019,61.42
23/05/2019,57.91
24/05/2019,58.63
26/05/2019,58.77
27/05/2019,59.16
28/05/2019,59.14
29/05/2019,58.81
30/05/2019,56.59
31/05/2019,53.5
03/06/2019,53.25
04/06/2019,53.48
05/06/2019,51.68
06/06/2019,52.59
07/06/2019,53.99
10/06/2019,53.26
11/06/2019,53.27
12/06/2019,51.14
13/06/2019,52.28
14/06/2019,52.51
17/06/2019,51.93
18/06/2019,53.9
19/06/2019,53.76
20/06/2019,56.65
21/06/2019,57.43
24/06/2019,57.9
25/06/2019,57.83
26/06/2019,59.38
27/06/2019,59.43
28/06/2019,58.47
01/07/2019,59.09
02/07/2019,56.25
03/07/2019,57.34
04/07/2019,56.8
05/07/2019,57.51
08/07/2019,57.66
09/07/2019,57.83
10/07/2019,60.43
11/07/2019,60.2
12/07/2019,60.21
15/07/2019,59.58
16/07/2019,57.62
17/07/2019,56.78
18/07/2019,55.3
19/07/2019,55.63
22/07/2019,56.22
23/07/2019,56.77
24/07/2019,55.88
25/07/2019,56.02
26/07/2019,56.2
29/07/2019,56.87
30/07/2019,58.05
31/07/2019,58.58
01/08/2019,53.95
02/08/2019,55.66
05/08/2019,54.69
06/08/2019,53.63
07/08/2019,51.09
08/08/2019,52.54
09/08/2019,54.5
12/08/2019,54.93
13/08/2019,57.1
14/08/2019,55.23
15/08/2019,54.47
16/08/2019,54.87
19/08/2019,56.21
20/08/2019,56.34
21/08/2019,55.68
22/08/2019,55.35
23/08/2019,54.17
26/08/2019,53.64
27/08/2019,54.93
28/08/2019,55.78
29/08/2019,56.71
30/08/2019,55.1
01/09/2019,54.8
02/09/2019,54.66
03/09/2019,53.94
04/09/2019,56.26
05/09/2019,56.3
06/09/2019,56.52
09/09/2019,57.85
10/09/2019,57.4
11/09/2019,55.75
12/09/2019,55.09
13/09/2019,54.85
16/09/2019,62.9
17/09/2019,59.34
18/09/2019,58.11
19/09/2019,58.13
20/09/2019,58.09
23/09/2019,58.64
24/09/2019,57.29
25/09/2019,56.49
26/09/2019,56.41
27/09/2019,55.91
30/09/2019,54.07
01/10/2019,53.62
02/10/2019,52.64
03/10/2019,52.45
04/10/2019,52.81
07/10/2019,52.75
08/10/2019,52.63
09/10/2019,52.59
10/10/2019,53.55
11/10/2019,54.7
14/10/2019,53.59
15/10/2019,52.81
16/10/2019,53.36
17/10/2019,53.93
18/10/2019,53.78
21/10/2019,53.31
22/10/2019,54.16
23/10/2019,55.97
24/10/2019,56.23
25/10/2019,56.66
28/10/2019,55.81
29/10/2019,55.54
30/10/2019,55.06
31/10/2019,54.18
01/11/2019,56.2
04/11/2019,56.54
05/11/2019,57.23
06/11/2019,56.35
07/11/2019,57.15
08/11/2019,57.24
11/11/2019,56.86
12/11/2019,56.8
13/11/2019,57.12
14/11/2019,56.77
15/11/2019,57.72
18/11/2019,57.05
19/11/2019,55.21
20/11/2019,57.11
21/11/2019,58.58
22/11/2019,57.77
25/11/2019,58.01
26/11/2019,58.41
27/11/2019,58.11
28/11/2019,58.08
29/11/2019,55.17
02/12/2019,55.96
03/12/2019,56.1
04/12/2019,58.43
05/12/2019,58.43
06/12/2019,59.2
09/12/2019,59.02
10/12/2019,59.24
11/12/2019,58.76
12/12/2019,59.18
13/12/2019,60.07
16/12/2019,60.21
17/12/2019,60.94
18/12/2019,60.93
19/12/2019,61.22
20/12/2019,60.44
23/12/2019,60.52
24/12/2019,61.11
25/12/2019,61.19
26/12/2019,61.68
27/12/2019,61.72
30/12/2019,61.68
31/12/2019,61.06
01/01/2020,61.33
02/01/2020,61.18
03/01/2020,63.05
06/01/2020,63.27
07/01/2020,62.7
08/01/2020,59.61
09/01/2020,59.56
10/01/2020,59.04
13/01/2020,58.08
14/01/2020,58.23
15/01/2020,57.81
16/01/2020,58.52
17/01/2020,58.54
19/01/2020,59.27
20/01/2020,58.73
21/01/2020,58.34
22/01/2020,56.74
23/01/2020,55.59
24/01/2020,54.19
27/01/2020,53.14
28/01/2020,53.48
29/01/2020,53.33
30/01/2020,52.14
31/01/2020,51.56
03/02/2020,50.11
04/02/2020,49.61
05/02/2020,50.75
06/02/2020,50.95
07/02/2020,50.32
10/02/2020,49.57
11/02/2020,49.94
12/02/2020,51.17
13/02/2020,51.42
14/02/2020,52.05
16/02/2020,52.36
17/02/2020,52.2
18/02/2020,52.05
19/02/2020,53.29
20/02/2020,53.78
21/02/2020,53.38
24/02/2020,51.43
25/02/2020,49.9
26/02/2020,48.73
27/02/2020,47.09
28/02/2020,44.76
02/03/2020,46.75
03/03/2020,47.18
04/03/2020,46.78
05/03/2020,45.9
06/03/2020,41.28
09/03/2020,31.13
10/03/2020,34.36
11/03/2020,32.98
12/03/2020,31.5
13/03/2020,31.73
16/03/2020,28.7
17/03/2020,26.95
18/03/2020,20.37
19/03/2020,25.22
20/03/2020,22.43
23/03/2020,23.36
24/03/2020,24.01
25/03/2020,24.49
26/03/2020,22.6
27/03/2020,21.51
30/03/2020,20.09
31/03/2020,20.48
01/04/2020,20.31
02/04/2020,25.32
03/04/2020,28.34
06/04/2020,26.08
07/04/2020,23.63
08/04/2020,25.09
09/04/2020,22.76
13/04/2020,22.41
14/04/2020,20.11
15/04/2020,19.87
16/04/2020,19.87
17/04/2020,18.27
20/04/2020,-37.63
21/04/2020,10.01
22/04/2020,13.78
23/04/2020,16.5
24/04/2020,16.94
27/04/2020,12.78
28/04/2020,12.34
29/04/2020,15.06
30/04/2020,18.84
01/05/2020,19.78
04/05/2020,20.39
05/05/2020,24.56
06/05/2020,23.99
07/05/2020,23.55
08/05/2020,24.74
11/05/2020,24.14
12/05/2020,25.78
13/05/2020,25.29
14/05/2020,27.56
15/05/2020,29.43
18/05/2020,31.82
19/05/2020,32.5
20/05/2020,33.49
21/05/2020,33.92
22/05/2020,33.25
24/05/2020,32.9
25/05/2020,33.92
26/05/2020,34.35
27/05/2020,32.81
28/05/2020,33.71
29/05/2020,35.49
01/06/2020,35.44
02/06/2020,36.81
03/06/2020,37.29
04/06/2020,37.41
05/06/2020,39.55
08/06/2020,38.19
09/06/2020,38.94
10/06/2020,39.6
11/06/2020,36.34
12/06/2020,36.26
15/06/2020,37.12
16/06/2020,38.38
17/06/2020,37.96
18/06/2020,38.84
19/06/2020,39.75
22/06/2020,40.46
23/06/2020,40.37
24/06/2020,38.01
25/06/2020,38.72
26/06/2020,38.49
29/06/2020,39.7
30/06/2020,39.27
01/07/2020,39.82
02/07/2020,40.65
03/07/2020,40.28
06/07/2020,40.63
07/07/2020,40.62
08/07/2020,40.9
09/07/2020,39.62
10/07/2020,40.55
13/07/2020,40.1
14/07/2020,40.29
15/07/2020,41.2
16/07/2020,40.75
17/07/2020,40.59
20/07/2020,40.81
21/07/2020,41.96
22/07/2020,41.9
23/07/2020,41.07
24/07/2020,41.29
27/07/2020,41.6
28/07/2020,41.04
29/07/2020,41.27
30/07/2020,39.92
31/07/2020,40.27
03/08/2020,41.01
04/08/2020,41.7
05/08/2020,42.19
06/08/2020,41.95
07/08/2020,41.22
10/08/2020,41.94
11/08/2020,41.61
12/08/2020,42.67
13/08/2020,42.24
14/08/2020,42.01
17/08/2020,42.89
18/08/2020,42.89
19/08/2020,42.93
20/08/2020,42.58
21/08/2020,42.34
24/08/2020,42.62
25/08/2020,43.35
26/08/2020,43.39
27/08/2020,43.04
28/08/2020,42.97
31/08/2020,42.61
01/09/2020,42.76
02/09/2020,41.51
03/09/2020,41.37
04/09/2020,39.77
06/09/2020,38.75
07/09/2020,39.2
08/09/2020,36.76
09/09/2020,38.05
10/09/2020,37.3
11/09/2020,37.33
14/09/2020,37.26
15/09/2020,38.28
16/09/2020,40.16
17/09/2020,40.97
18/09/2020,41.11
21/09/2020,39.31
22/09/2020,39.6
23/09/2020,39.93
24/09/2020,40.31
25/09/2020,40.25
28/09/2020,40.6
29/09/2020,39.29
30/09/2020,40.22
01/10/2020,38.72
02/10/2020,37.05
05/10/2020,39.22
06/10/2020,40.67
07/10/2020,39.95
08/10/2020,41.19
09/10/2020,40.6
12/10/2020,39.43
13/10/2020,40.2
14/10/2020,41.04
15/10/2020,40.96
16/10/2020,40.88
19/10/2020,40.83
20/10/2020,41.46
21/10/2020,40.03
22/10/2020,40.64
23/10/2020,39.85
26/10/2020,38.56
27/10/2020,39.57
28/10/2020,37.39
29/10/2020,36.17
30/10/2020,35.79
02/11/2020,36.81
03/11/2020,37.66
04/11/2020,39.15
05/11/2020,38.79
06/11/2020,37.14
09/11/2020,40.29
10/11/2020,41.36
11/11/2020,41.45
12/11/2020,41.12
13/11/2020,40.13
16/11/2020,41.34
17/11/2020,41.43
18/11/2020,41.82
19/11/2020,41.74
20/11/2020,42.15
23/11/2020,43.06
24/11/2020,44.91
25/11/2020,45.71
26/11/2020,44.98
27/11/2020,45.53
30/11/2020,45.34
01/12/2020,44.55
02/12/2020,45.28
03/12/2020,45.64
04/12/2020,46.26
07/12/2020,45.76
08/12/2020,45.6
09/12/2020,45.52
10/12/2020,46.78
11/12/2020,46.57
14/12/2020,46.99
15/12/2020,47.62
16/12/2020,47.82
17/12/2020,48.36
18/12/2020,49.1
21/12/2020,47.74
22/12/2020,47.02
23/12/2020,48.12
24/12/2020,48.23
28/12/2020,47.62
29/12/2020,48
30/12/2020,48.4
31/12/2020,48.52
04/01/2021,47.62
05/01/2021,49.93
06/01/2021,50.63
07/01/2021,50.83
08/01/2021,52.24
11/01/2021,52.25
12/01/2021,53.21
13/01/2021,52.91
14/01/2021,53.57
15/01/2021,52.36
17/01/2021,52.2
18/01/2021,52.36
19/01/2021,52.98
20/01/2021,53.24
21/01/2021,53.13
22/01/2021,52.27
25/01/2021,52.77
26/01/2021,52.61
27/01/2021,52.85
28/01/2021,52.34
29/01/2021,52.2
01/02/2021,53.55
02/02/2021,54.76
03/02/2021,55.69
04/02/2021,56.23
05/02/2021,56.85
08/02/2021,57.97
09/02/2021,58.36
10/02/2021,58.68
11/02/2021,58.24
12/02/2021,59.47
14/02/2021,60.37
15/02/2021,60.09
16/02/2021,60.05
17/02/2021,61.14
18/02/2021,60.52
19/02/2021,59.24
22/02/2021,61.49
23/02/2021,61.67
24/02/2021,63.22
25/02/2021,63.53
26/02/2021,61.5
01/03/2021,60.64
02/03/2021,59.75
03/03/2021,61.28
04/03/2021,63.83
05/03/2021,66.09
08/03/2021,65.05
09/03/2021,64.01
10/03/2021,64.44
11/03/2021,66.02
12/03/2021,65.61
15/03/2021,65.39
16/03/2021,64.8
17/03/2021,64.6
18/03/2021,60
19/03/2021,61.42
22/03/2021,61.55
23/03/2021,57.76
24/03/2021,61.18
25/03/2021,58.56
26/03/2021,60.97
29/03/2021,61.56
30/03/2021,60.55
31/03/2021,59.16
01/04/2021,61.45
05/04/2021,58.65
06/04/2021,59.33
07/04/2021,59.77
08/04/2021,59.6
09/04/2021,59.32
12/04/2021,59.7
13/04/2021,60.18
14/04/2021,63.15
15/04/2021,63.46
16/04/2021,63.13
19/04/2021,63.38
20/04/2021,62.44
21/04/2021,61.35
22/04/2021,61.43
23/04/2021,62.14
26/04/2021,61.91
27/04/2021,62.94
28/04/2021,63.86
29/04/2021,65.01
30/04/2021,63.58
03/05/2021,64.49
04/05/2021,65.69
05/05/2021,65.63
06/05/2021,64.71
07/05/2021,64.9
10/05/2021,64.92
11/05/2021,65.28
12/05/2021,66.08
13/05/2021,63.82
14/05/2021,65.37
17/05/2021,66.27
18/05/2021,65.49
19/05/2021,63.36
20/05/2021,62.05
21/05/2021,63.58
24/05/2021,66.05
25/05/2021,66.07
26/05/2021,66.21
27/05/2021,66.85
28/05/2021,66.32
30/05/2021,66.59
31/05/2021,66.96
01/06/2021,67.72
02/06/2021,68.83
03/06/2021,68.81
04/06/2021,69.62
07/06/2021,69.23
08/06/2021,70.05
09/06/2021,69.96
10/06/2021,70.29
11/06/2021,70.91
14/06/2021,70.88
15/06/2021,72.12
16/06/2021,72.15
17/06/2021,71.04
18/06/2021,71.64
21/06/2021,73.66
22/06/2021,73.06
23/06/2021,73.08
24/06/2021,73.3
25/06/2021,74.05
28/06/2021,72.91
29/06/2021,72.98
30/06/2021,73.47
01/07/2021,75.23
02/07/2021,75.16
04/07/2021,75.14
05/07/2021,76.25
06/07/2021,73.37
07/07/2021,72.2
08/07/2021,72.94
09/07/2021,74.56
12/07/2021,74.1
13/07/2021,75.25
14/07/2021,73.13
15/07/2021,71.65
16/07/2021,71.81
19/07/2021,66.42
20/07/2021,67.42
21/07/2021,70.3
22/07/2021,71.91
23/07/2021,72.07
26/07/2021,71.91
27/07/2021,71.65
28/07/2021,72.39
29/07/2021,73.62
30/07/2021,73.95
02/08/2021,71.26
03/08/2021,70.56
04/08/2021,68.15
05/08/2021,69.09
06/08/2021,68.28
09/08/2021,66.48
10/08/2021,68.29
11/08/2021,69.25
12/08/2021,69.09
13/08/2021,68.44
16/08/2021,67.29
17/08/2021,66.59
18/08/2021,65.46
19/08/2021,63.69
20/08/2021,62.32
23/08/2021,65.64
24/08/2021,67.54
25/08/2021,68.36
26/08/2021,67.42
27/08/2021,68.74
30/08/2021,69.21
31/08/2021,68.5
01/09/2021,68.59
02/09/2021,69.99
03/09/2021,69.29
05/09/2021,68.75
06/09/2021,68.8
07/09/2021,68.35
08/09/2021,69.3
09/09/2021,68.14
10/09/2021,69.72
13/09/2021,70.45
14/09/2021,70.46
15/09/2021,72.61
16/09/2021,72.61
17/09/2021,71.97
20/09/2021,70.29
21/09/2021,70.56
22/09/2021,72.23
23/09/2021,73.3
24/09/2021,73.98
27/09/2021,75.45
28/09/2021,75.29
29/09/2021,74.83
30/09/2021,75.03
01/10/2021,75.88
04/10/2021,77.62
05/10/2021,78.93
06/10/2021,77.43
07/10/2021,78.3
08/10/2021,79.35
11/10/2021,80.52
12/10/2021,80.64
13/10/2021,80.44
14/10/2021,81.31
15/10/2021,82.28
18/10/2021,82.44
19/10/2021,82.96
20/10/2021,83.87
21/10/2021,82.5
22/10/2021,83.76
25/10/2021,83.76
26/10/2021,84.65
27/10/2021,82.66
28/10/2021,82.81
29/10/2021,83.57
01/11/2021,84.05
02/11/2021,83.91
03/11/2021,80.86
04/11/2021,78.81
05/11/2021,81.27
08/11/2021,81.93
09/11/2021,84.15
10/11/2021,81.34
11/11/2021,81.59
12/11/2021,80.79
15/11/2021,80.88
16/11/2021,80.76
17/11/2021,78.36
18/11/2021,79.01
19/11/2021,76.1
22/11/2021,76.75
23/11/2021,78.5
24/11/2021,78.39
25/11/2021,77.41
26/11/2021,68.15
29/11/2021,69.95
30/11/2021,66.18
01/12/2021,65.57
02/12/2021,66.5
03/12/2021,66.26
06/12/2021,69.49
07/12/2021,72.05
08/12/2021,72.36
09/12/2021,70.94
10/12/2021,71.67
13/12/2021,71.29
14/12/2021,70.73
15/12/2021,70.87
16/12/2021,72.38
17/12/2021,70.86
20/12/2021,68.23
21/12/2021,71.12
22/12/2021,72.76
23/12/2021,73.79
27/12/2021,75.57
28/12/2021,75.98
29/12/2021,76.56
30/12/2021,76.99
31/12/2021,75.21
03/01/2022,76.08
04/01/2022,76.99
05/01/2022,77.85
06/01/2022,79.46
07/01/2022,78.9
10/01/2022,78.23
11/01/2022,81.22
12/01/2022,82.64
13/01/2022,82.12
14/01/2022,83.82
16/01/2022,83.83
17/01/2022,83.69
18/01/2022,85.43
19/01/2022,86.96
20/01/2022,86.9
21/01/2022,85.14
24/01/2022,83.31
25/01/2022,85.6
26/01/2022,87.35
27/01/2022,86.61
28/01/2022,86.82
31/01/2022,88.15
01/02/2022,88.2
02/02/2022,88.26
03/02/2022,90.27
04/02/2022,92.31
07/02/2022,91.32
08/02/2022,89.36
09/02/2022,89.66
10/02/2022,89.88
11/02/2022,93.1
14/02/2022,95.46
15/02/2022,92.07
16/02/2022,93.66
17/02/2022,91.76
18/02/2022,91.07
20/02/2022,91.62
21/02/2022,92.65
22/02/2022,92.35
23/02/2022,92.1
24/02/2022,92.81
25/02/2022,91.59
28/02/2022,95.72
01/03/2022,103.41
02/03/2022,110.6
03/03/2022,107.67
04/03/2022,115.68
07/03/2022,119.4
08/03/2022,123.7
09/03/2022,108.7
10/03/2022,106.02
11/03/2022,109.33
14/03/2022,103.01
15/03/2022,96.44
16/03/2022,95.04
17/03/2022,102.98
18/03/2022,104.7
21/03/2022,112.12
22/03/2022,111.76
23/03/2022,114.93
24/03/2022,112.34
25/03/2022,113.9
28/03/2022,105.96
29/03/2022,104.24
30/03/2022,107.82
31/03/2022,100.28
01/04/2022,99.27
04/04/2022,103.28
05/04/2022,101.96
06/04/2022,96.23
07/04/2022,96.03
08/04/2022,98.26
11/04/2022,94.29
12/04/2022,100.6
13/04/2022,104.25
14/04/2022,106.95
18/04/2022,108.21
19/04/2022,102.56
20/04/2022,102.75
21/04/2022,103.79
22/04/2022,102.07
25/04/2022,98.54
26/04/2022,101.7
27/04/2022,102.02
28/04/2022,105.36
29/04/2022,104.69
02/05/2022,105.17
03/05/2022,102.41
04/05/2022,107.81
05/05/2022,108.26
06/05/2022,109.77
09/05/2022,103.09
10/05/2022,99.76
11/05/2022,105.71
12/05/2022,106.13
13/05/2022,110.49
16/05/2022,114.2
17/05/2022,112.4
18/05/2022,109.59
19/05/2022,112.21
20/05/2022,113.23
23/05/2022,110.29
24/05/2022,109.77
25/05/2022,110.33
26/05/2022,114.09
27/05/2022,115.07
29/05/2022,115.61
30/05/2022,117.61
31/05/2022,114.67
01/06/2022,115.26
02/06/2022,116.87
03/06/2022,118.87
06/06/2022,118.5
07/06/2022,119.41
08/06/2022,122.11
09/06/2022,121.51
10/06/2022,120.67
13/06/2022,120.93
14/06/2022,118.93
15/06/2022,115.31
16/06/2022,117.59
17/06/2022,109.56
19/06/2022,108.94
20/06/2022,108.84
21/06/2022,110.65
22/06/2022,106.19
23/06/2022,104.27
24/06/2022,107.62
27/06/2022,109.57
28/06/2022,111.76
29/06/2022,109.78
30/06/2022,105.76
01/07/2022,108.43
03/07/2022,108.19
04/07/2022,110.4
05/07/2022,99.5
06/07/2022,98.53
07/07/2022,102.73
08/07/2022,104.79
11/07/2022,104.09
12/07/2022,95.84
13/07/2022,96.3
14/07/2022,95.78
15/07/2022,97.59
18/07/2022,102.6
19/07/2022,104.22
20/07/2022,102.26
21/07/2022,96.35
22/07/2022,94.7
25/07/2022,96.7
26/07/2022,94.98
27/07/2022,97.26
28/07/2022,96.42
29/07/2022,98.62
01/08/2022,93.89
02/08/2022,94.42
03/08/2022,90.66
04/08/2022,88.54
05/08/2022,89.01
08/08/2022,90.76
09/08/2022,90.5
10/08/2022,91.93
11/08/2022,94.34
12/08/2022,92.09
15/08/2022,89.41
16/08/2022,86.53
17/08/2022,88.11
18/08/2022,90.5
19/08/2022,90.77
22/08/2022,90.23
23/08/2022,93.74
24/08/2022,94.89
25/08/2022,92.52
26/08/2022,93.06
29/08/2022,97.01
30/08/2022,91.64
31/08/2022,89.55
01/09/2022,86.61
02/09/2022,86.87
04/09/2022,88.25
05/09/2022,88.96
06/09/2022,86.88
07/09/2022,81.94
08/09/2022,83.54
09/09/2022,86.79
12/09/2022,87.78
13/09/2022,87.31
14/09/2022,88.48
15/09/2022,85.1
16/09/2022,85.11
19/09/2022,85.73
20/09/2022,84.45
21/09/2022,82.94
22/09/2022,83.49
23/09/2022,78.74
26/09/2022,76.71
27/09/2022,78.5
28/09/2022,82.15
29/09/2022,81.23
30/09/2022,79.49
03/10/2022,83.63
04/10/2022,86.52
05/10/2022,87.76
06/10/2022,88.45
07/10/2022,92.64
10/10/2022,91.13
11/10/2022,89.35
12/10/2022,87.27
13/10/2022,89.11
14/10/2022,85.61
17/10/2022,85.46
18/10/2022,82.82
19/10/2022,85.55
20/10/2022,85.98
21/10/2022,85.05
24/10/2022,84.58
25/10/2022,85.32
26/10/2022,87.91
27/10/2022,89.08
28/10/2022,87.9
31/10/2022,86.53
01/11/2022,88.37
02/11/2022,90
03/11/2022,88.17
04/11/2022,92.61
07/11/2022,91.79
08/11/2022,88.91
09/11/2022,85.83
10/11/2022,86.47
11/11/2022,88.96
14/11/2022,85.87
15/11/2022,86.92
16/11/2022,85.59
17/11/2022,81.64
18/11/2022,80.08
21/11/2022,79.73
22/11/2022,80.95
23/11/2022,77.94
24/11/2022,77.95
25/11/2022,76.28
28/11/2022,77.24
29/11/2022,78.2
30/11/2022,80.56
01/12/2022,81.33
02/12/2022,80.3
04/12/2022,81.15
05/12/2022,77.4
06/12/2022,74.47
07/12/2022,72.58
08/12/2022,72.06
09/12/2022,71.5
11/12/2022,71.9
12/12/2022,73.44
13/12/2022,75.19
14/12/2022,77.27
15/12/2022,76.25
16/12/2022,74.45
19/12/2022,75.89
20/12/2022,76.23
21/12/2022,78.24
22/12/2022,78.45
23/12/2022,79.34
26/12/2022,80.97
27/12/2022,79.77
28/12/2022,78.6
29/12/2022,78.61
30/12/2022,80.47
02/01/2023,80.47
03/01/2023,77.12
04/01/2023,73.1
05/01/2023,73.92
06/01/2023,74.04
09/01/2023,74.92
10/01/2023,75.37
11/01/2023,77.68
12/01/2023,78.65
13/01/2023,80.11
15/01/2023,79.78
16/01/2023,79.04
17/01/2023,80.45
18/01/2023,79.8
19/01/2023,80.61
20/01/2023,81.64
23/01/2023,81.62
24/01/2023,80.13
25/01/2023,80.15
26/01/2023,81.01
27/01/2023,79.68
30/01/2023,77.9
31/01/2023,78.87
01/02/2023,76.41
02/02/2023,75.88
03/02/2023,73.39
06/02/2023,74.11
07/02/2023,77.14
08/02/2023,78.47
09/02/2023,78.06
10/02/2023,79.72
13/02/2023,80.14
14/02/2023,79.06
15/02/2023,78.59
16/02/2023,78.49
17/02/2023,76.34
19/02/2023,76.67
20/02/2023,77.3
21/02/2023,76.16
22/02/2023,73.95
23/02/2023,75.39
24/02/2023,76.32
27/02/2023,75.68
28/02/2023,77.05
01/03/2023,77.69
02/03/2023,78.16
03/03/2023,79.68
06/03/2023,80.46
07/03/2023,77.58
08/03/2023,76.66
09/03/2023,75.72
10/03/2023,76.68
13/03/2023,74.8
14/03/2023,71.33
15/03/2023,67.61
16/03/2023,68.35
17/03/2023,66.74
20/03/2023,67.64
21/03/2023,69.33
22/03/2023,70.9
23/03/2023,69.96
24/03/2023,69.26
27/03/2023,72.81
28/03/2023,73.2
29/03/2023,72.97
30/03/2023,74.37
31/03/2023,75.67
03/04/2023,80.42
04/04/2023,80.71
05/04/2023,80.61
06/04/2023,80.7
10/04/2023,79.74
11/04/2023,81.53
12/04/2023,83.26
13/04/2023,82.16
14/04/2023,82.52
17/04/2023,80.83
18/04/2023,80.86
19/04/2023,79.16
20/04/2023,77.29
21/04/2023,77.87
24/04/2023,78.76
25/04/2023,77.07
26/04/2023,74.3
27/04/2023,74.76
28/04/2023,76.78
01/05/2023,75.66
02/05/2023,71.66
03/05/2023,68.6
04/05/2023,68.56
05/05/2023,71.34
08/05/2023,73.16
09/05/2023,73.71
10/05/2023,72.56
11/05/2023,70.87
12/05/2023,70.04
15/05/2023,71.11
16/05/2023,70.86
17/05/2023,72.83
18/05/2023,71.86
19/05/2023,71.55
22/05/2023,71.99
23/05/2023,72.91
24/05/2023,74.34
25/05/2023,71.83
26/05/2023,72.67
28/05/2023,73.22
29/05/2023,72.87
30/05/2023,69.46
31/05/2023,68.09
01/06/2023,70.1
02/06/2023,71.74
05/06/2023,72.15
06/06/2023,71.74
07/06/2023,72.53
08/06/2023,71.29
09/06/2023,70.17
12/06/2023,67.12
13/06/2023,69.42
14/06/2023,68.27
15/06/2023,70.62
16/06/2023,71.78
18/06/2023,71.47
19/06/2023,71.31
20/06/2023,70.5
21/06/2023,72.53
22/06/2023,69.51
23/06/2023,69.16
26/06/2023,69.37
27/06/2023,67.7
28/06/2023,69.56
29/06/2023,69.86
30/06/2023,70.64
03/07/2023,69.79
04/07/2023,71.06
05/07/2023,71.79
06/07/2023,71.8
07/07/2023,73.86
10/07/2023,72.99
11/07/2023,74.83
12/07/2023,75.75
13/07/2023,76.89
14/07/2023,75.42
17/07/2023,74.15
18/07/2023,75.75
19/07/2023,75.35
20/07/2023,75.63
21/07/2023,77.07
24/07/2023,78.74
25/07/2023,79.63
26/07/2023,78.78
27/07/2023,80.09
28/07/2023,80.58
31/07/2023,81.8
01/08/2023,81.37
02/08/2023,79.49
03/08/2023,81.55
04/08/2023,82.82
07/08/2023,81.94
08/08/2023,82.92
09/08/2023,84.4
10/08/2023,82.82
11/08/2023,83.19